,stamp,x,y,qx,qy,qz,qw,var_x,var_y,var_theta
0,1677886399.419435,52.58926562615596,-3.386509168840481,0.0,0.0,0.9998653190251483,0.01641169737529782,0.2470653039554236,0.2460027313116182,0.06848905809145868
1,1677886399.722015,52.379867344884936,-3.382375643215992,0.0,0.0,0.999172577075214,0.04067138085774214,0.18524028479350818,0.14159366646456206,0.05270852912407758
2,1677886400.226309,51.86486950388211,-3.351397558422427,0.0,0.0,0.9986007482103063,0.0528823758336972,0.1525131991802482,0.08023540928733652,0.03428796457016088
3,1677886400.629749,51.423376308351536,-3.299343803923222,0.0,0.0,0.9986426571493987,0.05208496252843583,0.12022845651245007,0.042517978495723696,0.018155188463814583
4,1677886401.134042,50.65213065980965,-3.1879709905972917,0.0,0.0,0.9990784623312466,0.042921161515409034,0.10408656676054306,0.031045158290410768,0.01579336575540376
5,1677886401.840062,50.12441349887646,-3.2204781894194214,0.0,0.0,0.9991939062244444,0.04014396298244976,0.09336832282588148,0.023317125653919746,0.01070594991309274
6,1677886402.243496,48.94161584071224,-3.060222682269284,0.0,0.0,0.999490588844182,0.03191493086175299,0.10211998386830601,0.03894287338239444,0.027614687531453016
7,1677886402.949515,48.43750377023106,-3.1276249802066887,0.0,0.0,0.9997866030793562,0.020657887187267073,0.09837632982134892,0.03377737692810001,0.01619642816785722
8,1677886403.352948,47.92785577120284,-3.1339940413629335,0.0,0.0,-0.9999986334342938,0.0016532179362669865,0.09831113570407979,0.0315149713947207,0.010715432109656888
9,1677886403.756388,47.34817715447945,-3.096844757198784,0.0,0.0,0.999805182975633,0.019738188748235522,0.1047730017990034,0.028262538294505646,0.00782025790766003
10,1677886404.159822,46.77042133433407,-3.008631298192444,0.0,0.0,0.998662341315593,0.051706170212636286,0.10737456697415837,0.02292560350497297,0.0054597816102466695
11,1677886404.563262,46.3141797382378,-2.9250181561737207,0.0,0.0,0.9970665665131131,0.07653928365063191,0.1179277352302961,0.015089764788040583,0.003587862594849673
12,1677886404.966701,45.88815309406114,-2.8583655685577396,0.0,0.0,0.9982738035737501,0.05873170437164211,0.12914929943872266,0.012280529415047425,0.002852826231886972
13,1677886405.370135,45.30966296751901,-2.822191225208594,0.0,0.0,0.9992869504413224,0.03775699508279133,0.12665084149284667,0.011809796616995882,0.003139933143506707
14,1677886405.773575,44.74504951861763,-2.7714401102373207,0.0,0.0,0.9984364612447124,0.055898415515431586,0.12203129748672836,0.011144236477069747,0.0030292951150289516
15,1677886406.177009,44.211840350006334,-2.723034049976899,0.0,0.0,0.9980316203940075,0.06271271556639595,0.11347557399085417,0.011630557432557254,0.0031979618435041455
16,1677886406.580448,43.7010677990095,-2.6954783872044494,0.0,0.0,0.9988030705466278,0.048912434683096084,0.10850857999434993,0.013043683302364606,0.0031814661635387845
17,1677886406.983888,43.25108123578306,-2.670844855546244,0.0,0.0,0.998174620355046,0.060393934124709024,0.10334271301417175,0.012541049471014531,0.0028795532993010986
18,1677886407.387321,42.765819209004846,-2.6372329631593194,0.0,0.0,0.9973878758153097,0.07223174632129763,0.10733603600215247,0.013575194915782518,0.0026278215376361004
19,1677886407.790761,42.327041832656946,-2.553623965212507,0.0,0.0,0.9952626444205596,0.09722277830320836,0.10296828593527607,0.015568145122188959,0.0027400318992885854
20,1677886408.194195,41.87728454129847,-2.399817230218517,0.0,0.0,0.9873456897563037,0.15858275101551567,0.08350181137984691,0.016123236301882393,0.0030158322673553895
21,1677886408.799354,41.435482290496054,-1.9623081369229118,0.0,0.0,0.9427797036019006,0.33341630205542216,0.07091991590823454,0.020985131848213268,0.0076738407110214105
22,1677886409.404508,40.9994272783089,-1.4659088046526336,0.0,0.0,0.8947609979312288,0.44654535780938487,0.05925316116463364,0.02247034495563005,0.006979501348132249
23,1677886409.908808,40.73146244647048,-0.9642033773928004,0.0,0.0,0.85655455341186,0.5160564862778193,0.0412469628472536,0.021436458013314508,0.005860765779062892
24,1677886410.312241,40.62741139476221,-0.4897911346810411,0.0,0.0,0.820954868057823,0.5709930863085492,0.03241022640668234,0.018802937223247107,0.0058127220815754705
25,1677886410.715681,40.57757059214613,0.0014388545320774178,0.0,0.0,0.7827752791139007,0.6223044772522169,0.024775291005653344,0.018419255568642087,0.005756766744867225
26,1677886411.119114,40.56059555582129,0.4832314752321322,0.0,0.0,0.748053129679763,0.6636388439326857,0.018581679690441888,0.017473576442560562,0.005246494929059506
27,1677886411.522554,40.58351490238509,1.0069682478954964,0.0,0.0,0.7351151907057978,0.6779422220171706,0.01719060212826662,0.015703599784963718,0.005102988520408857
28,1677886411.925994,40.59584839276439,1.518553314677632,0.0,0.0,0.7376634137721745,0.6751686366989966,0.017123129267702097,0.01453208811413198,0.004622198840822783
29,1677886412.329427,40.602117561718615,2.019872038550574,0.0,0.0,0.7458887379989774,0.6660705597204346,0.016959539657136702,0.014271260781028694,0.004550792409726046
30,1677886412.732867,40.59075739752263,2.5024225561472435,0.0,0.0,0.7527767741493797,0.6582758755273155,0.017245599206944462,0.013136978622072526,0.004372210903097587
31,1677886413.136301,40.56170869140292,2.9844489685467535,0.0,0.0,0.7596750428787686,0.6503028749952909,0.02080559838896079,0.013229496586268041,0.0049731652271685686
32,1677886413.539741,40.52347419152595,3.4744383312035305,0.0,0.0,0.7633992371444435,0.6459269345113903,0.02480786176147376,0.014264652547582912,0.004743230327053269
33,1677886413.94318,40.47323054183119,3.908548285897565,0.0,0.0,0.7619084278367559,0.6476847594249249,0.02466654160048165,0.014383188348050524,0.004368652718689259
34,1677886414.346614,40.433694507487694,4.376315966145925,0.0,0.0,0.7291525167004568,0.6843512310132788,0.026948574605285103,0.01441184886705571,0.004212644210484091
35,1677886414.750054,40.42749350603761,4.857094884638996,0.0,0.0,0.695283660972459,0.718735438659271,0.02596947645201908,0.014447835168013512,0.004019800900204176
36,1677886415.153487,40.48762561176972,5.304697340588226,0.0,0.0,0.6598649766195548,0.7513841977516391,0.026450640451002982,0.017021991006380688,0.004066677270473913
37,1677886415.556926,40.645327558201416,5.797519206602409,0.0,0.0,0.5929732859164127,0.8052221322029669,0.024134531253139357,0.019566965492032296,0.0035048004439617764
38,1677886416.06122,40.86053923711944,6.370645937150305,0.0,0.0,0.5048577505464295,0.8632025554371345,0.01765263016636709,0.020572929123510164,0.004875035052019935
39,1677886416.46466,41.18611802959552,6.834657614710967,0.0,0.0,0.44394167277300844,0.8960556853095142,0.016236050133102253,0.02050749064414248,0.004876694380672526
40,1677886417.069814,41.71413925585722,7.355660076312741,0.0,0.0,0.37404619259401667,0.9274100742421983,0.018284552082150185,0.020090604011805624,0.0061773355820077735
41,1677886417.674973,42.345751384219874,7.668733122380036,0.0,0.0,0.25650914222986293,0.9665418045550331,0.020994070574488433,0.01871257617316502,0.007562935030381923
42,1677886418.078407,42.837619565466746,7.793001535403442,0.0,0.0,0.1891266879874587,0.9819526953427514,0.021948903126030928,0.016577844128086383,0.007249960995622723
43,1677886418.481847,43.31059917707561,7.859242791480983,0.0,0.0,0.1312979574715433,0.9913429509326229,0.02237730749629918,0.014197649275480728,0.006775120874059024
44,1677886418.885287,43.79409074754619,7.917775770685242,0.0,0.0,0.12234613051740025,0.9924874932952149,0.01987344251460854,0.0132544827334371,0.006325147657305783
45,1677886419.28872,44.28931619139436,7.961456687977081,0.0,0.0,0.12341749360625891,0.9923548368763812,0.020378165642796375,0.014119721519620043,0.006803957793316703
46,1677886419.69216,44.83034384536272,7.974012074195735,0.0,0.0,0.10820537232568528,0.9941285618067011,0.01895538789381135,0.015448947615574582,0.007153961624444944
47,1677886420.095593,45.36453299794547,7.966609141079795,0.0,0.0,0.0924286481589089,0.9957193103478091,0.021107030075199873,0.014434264502227734,0.007079788728148071
48,1677886420.499033,45.92136193682865,7.954148804037378,0.0,0.0,0.04714610921127997,0.9988880039254842,0.023036996940390964,0.01654046844172541,0.006540570821091734
49,1677886420.902472,46.40256957354044,7.948323624090039,0.0,0.0,0.04966985578494875,0.9987656909537403,0.020829035923270567,0.015607442102009372,0.005516955653375751
50,1677886421.305906,46.87246827516155,7.938503933986971,0.0,0.0,0.014838973159749066,0.9998898963763782,0.021405059093012824,0.015929144337917478,0.00460063679879629
51,1677886421.709346,47.36422575867368,7.9276054860588685,0.0,0.0,0.024024608945750335,0.9997113674281212,0.02369287837200318,0.01585365702084829,0.003938337513380534
52,1677886422.11278,47.856156574282906,7.9244789180342785,0.0,0.0,0.015423652726554635,0.999881048393543,0.021434143718579435,0.014682416726785164,0.0037103807914105297
53,1677886422.51622,48.37148770261698,7.8709494704901095,0.0,0.0,-0.011069821649130018,0.9999387276471776,0.02180849011256214,0.015465083527580248,0.003914984413481581
54,1677886422.919659,48.89360366653429,7.80561420602849,0.0,0.0,-0.0433624012009457,0.9990594087250709,0.021861296564566146,0.015373692008040507,0.00346465782095292
55,1677886423.323093,49.40445502230201,7.733741983887285,0.0,0.0,-0.05538971688858837,0.99846481122922,0.022485635969133,0.013876619180869909,0.0031355360143709658
56,1677886423.726533,49.884573362546654,7.671635292968908,0.0,0.0,-0.04456068683370857,0.9990066792513993,0.023229710730902298,0.0125725288913614,0.0030801242437860283
57,1677886424.129967,50.363199550958306,7.6531251424075775,0.0,0.0,-0.0575565838566258,0.9983422457528055,0.024595394967491302,0.012454020621483153,0.0031218098312236803
58,1677886424.533406,50.862313460362685,7.6108101331880365,0.0,0.0,-0.06842610648191784,0.9976561872467514,0.02540782108098938,0.014454355271780628,0.003213323058631219
59,1677886424.936846,51.330988027533856,7.562556098769724,0.0,0.0,-0.08927746617338922,0.996006794170431,0.024241018020347838,0.015960471400376264,0.0031228218144527275
60,1677886425.34028,51.79817338725803,7.4837142644785235,0.0,0.0,-0.11170492920249354,0.9937414194808758,0.025157580924769718,0.015418224350113974,0.002769634034049708
61,1677886425.84458,52.313570403117886,7.3347100371166984,0.0,0.0,-0.13735321498640318,0.9905221321772164,0.025021943883984932,0.01591020120004316,0.0032234020162987755
62,1677886426.449732,52.89361999269694,6.957614586407443,0.0,0.0,-0.26604952044451036,0.9639593625621601,0.02488519923417698,0.018366744612656305,0.007041982703802089
63,1677886427.054886,53.30169646332628,6.418315890296945,0.0,0.0,-0.4315227653667316,0.9021020468717764,0.0243342000908342,0.02294721321501214,0.011980163594911273
64,1677886427.559186,53.49168945021542,5.902495470715202,0.0,0.0,-0.5503751681780775,0.8349174655335417,0.024977927779673337,0.025539018467718222,0.012069968135336782
65,1677886427.962626,53.576044067614,5.4354062847169615,0.0,0.0,-0.5708280249052502,0.8210696474616335,0.026783972938119405,0.0271871629575422,0.012054068050442773
66,1677886428.366059,53.62958290686604,4.972788881457644,0.0,0.0,-0.596157655419469,0.8028673924657557,0.027307950917474955,0.028124081953968982,0.010817326213137106
67,1677886428.769499,53.66290662198892,4.491620268917397,0.0,0.0,-0.6305694880353865,0.7761327984042361,0.02721761183693161,0.028033973075615393,0.009097432958674722
68,1677886429.172933,53.64083272313863,3.9582984631194678,0.0,0.0,-0.6785624746986273,0.7345426930620675,0.022737793626220082,0.02762575848489668,0.00721956909524224
69,1677886429.576373,53.56967458923766,3.466026305461542,0.0,0.0,-0.7105858148151992,0.7036105455317021,0.018479948141248315,0.026782490821084082,0.005654761825461481
70,1677886429.979812,53.50867344597978,2.9825414310181184,0.0,0.0,-0.7117518552231296,0.702430990622163,0.01596814907998123,0.027866399857265023,0.004864303492249082
71,1677886430.383246,53.456624959227355,2.4852415201209017,0.0,0.0,-0.7182908108044767,0.6957429921413852,0.01602120985626243,0.030035381278342044,0.004858472071855546
72,1677886430.786686,53.43434835978655,2.008870852828361,0.0,0.0,-0.7124557777996184,0.701717011821675,0.01468130523653599,0.03406040772411156,0.004234524696349514
73,1677886431.19012,53.4333516963044,1.5272056393704823,0.0,0.0,-0.6931566976824571,0.720786925837276,0.014785274938276416,0.03326909762853658,0.0034341784270106074
74,1677886431.59356,53.41322330789058,1.0669372683582663,0.0,0.0,-0.6896557097565432,0.7241374192791025,0.014059078707759909,0.032052830628020335,0.0032863949836797195
75,1677886431.996999,53.40162950698954,0.5957436651944331,0.0,0.0,-0.7014841380253899,0.7126850665608027,0.013446928221583221,0.029692918729168405,0.0030635440547722615
76,1677886432.400432,53.370536339562875,0.13709368998354,0.0,0.0,-0.7126720967736531,0.7014973146636022,0.013773228696663864,0.030484047689266432,0.0030898050970331
77,1677886432.803872,53.33733503447619,-0.3617903165557487,0.0,0.0,-0.7300532438433813,0.683390270016889,0.013460713767017296,0.032077210959211566,0.0028245568067133664
78,1677886433.207306,53.27640856190748,-0.7938658489865436,0.0,0.0,-0.7637635541129455,0.6454961141701488,0.01291044816662179,0.035399396089058954,0.0025051311050172773
79,1677886433.610745,53.21089874859386,-1.2860493607698793,0.0,0.0,-0.7925613531099168,0.6097921789893487,0.01399949552205726,0.03798649939289622,0.002855855880820208
80,1677886434.014179,53.06069472449037,-1.7709657801437024,0.0,0.0,-0.8290513163014823,0.5591725269885668,0.015629402977992868,0.03242511917299451,0.0026395631956329275
81,1677886434.619339,52.74842684896265,-2.3401354068509796,0.0,0.0,-0.8657762982062325,0.5004312155174903,0.019414993654208956,0.030398152077326657,0.0037466835116524047
82,1677886435.224493,52.281464084321996,-2.7975137385435915,0.0,0.0,-0.9296179691159673,0.36852466877633094,0.020730715731588134,0.024409015166934722,0.004942563327567781
83,1677886435.829652,51.68346550521156,-3.0531881113556723,0.0,0.0,-0.9675862808859452,0.2525406680938829,0.022628660004556878,0.021599582973387044,0.007769039981089749
84,1677886436.333946,51.14064466498924,-3.1587117299750593,0.0,0.0,-0.9911421411442402,0.1328053313990488,0.021776592095193337,0.018547661613178335,0.007696019869562375
85,1677886436.737386,50.66459293154176,-3.1694959998594374,0.0,0.0,-0.9985823477135208,0.05322870311169441,0.019734757933292713,0.016104833124552798,0.006116962120797487
86,1677886437.140819,50.200621189245716,-3.1431294782327317,0.0,0.0,-0.9999270542389613,0.012078336019227177,0.018615422279253835,0.01454644728658927,0.00481945111501753
87,1677886437.544259,49.72970529421464,-3.094329475058673,0.0,0.0,0.9998705063168662,0.016092563427049542,0.01843659784299234,0.013754023050909225,0.0044129384887333055
88,1677886437.947699,49.239869795231805,-3.0546070999390538,0.0,0.0,0.9992321450062901,0.039180612375618006,0.0185955644792557,0.014246253361317684,0.0036043752259478433
89,1677886438.351133,48.73591738392666,-3.032316242675494,0.0,0.0,0.9994340055052444,0.03364028299142531,0.018020718749085063,0.014839080326510157,0.003624421381201012
90,1677886438.754573,48.25112207581086,-3.020299717501692,0.0,0.0,0.9996504942847944,0.026436514069867346,0.019122635287203593,0.015304920038492043,0.0033936311112431226
91,1677886439.158005,47.74872543647594,-3.029190906316687,0.0,0.0,0.9990671710027519,0.043183189142975684,0.017145592142242094,0.01397057765005627,0.0030235383287970405
92,1677886439.561445,47.2238432067788,-3.0270920476329306,0.0,0.0,0.9990332556004102,0.04396082579348844,0.018038445726233476,0.014049740965814905,0.0035275279520421334
93,1677886439.964885,46.68925209420252,-2.9729193633327435,0.0,0.0,0.9966554736645807,0.08171821592784746,0.016675036274591548,0.012143341405396413,0.003119343388869356
94,1677886440.368319,46.183513304331825,-2.9120844167532614,0.0,0.0,0.994775947837341,0.1020823863569023,0.016430129335276433,0.011460630559060547,0.003188564828790135
95,1677886440.771758,45.66630625858496,-2.895381320981658,0.0,0.0,0.9970238423568933,0.07709382447314907,0.01685724851449777,0.010812837722925295,0.0032324922177027057
96,1677886441.175192,45.134376170912994,-2.85743456428159,0.0,0.0,0.9970669152832877,0.07653474013458963,0.017397524545913257,0.010359103343624554,0.003071018282676057
97,1677886441.578632,44.632454501684386,-2.850299982311337,0.0,0.0,0.9977773611416488,0.06663585816366178,0.01630548512139285,0.010676767988952562,0.0034160110694268775
98,1677886441.982072,44.10231251124481,-2.8717479086581146,0.0,0.0,0.9998792924913095,0.015537066875004037,0.0175470680314902,0.01311495868652024,0.0036162657426303106
99,1677886442.385506,43.558981645665966,-2.9028280095585144,0.0,0.0,-0.9998225973506728,0.018835440715694745,0.019016307292076817,0.014258500551363795,0.0037227728329739824
100,1677886442.788945,43.04570655770686,-2.917107878902094,0.0,0.0,-0.9991316274547425,0.04166522554406325,0.0198358260306577,0.016725920954836937,0.003732519548710853
101,1677886443.192379,42.52260020949092,-2.911709278600912,0.0,0.0,-0.99965858359687,0.02612883926047347,0.019604977043627514,0.017549249033240955,0.004134618762038361
102,1677886443.595819,42.0538906748113,-2.8774503089777355,0.0,0.0,0.999985692966663,0.0053491926477606125,0.019780898932367563,0.01612712175826303,0.004087359675257104
103,1677886443.999259,41.53770900339503,-2.8745557633647567,0.0,0.0,-0.9998274108136888,0.018578174980207907,0.019007509061566452,0.018566907280300526,0.00400321759729342
104,1677886444.402693,41.00056895016867,-2.9224604118526596,0.0,0.0,-0.9997280859254453,0.023318537943992957,0.019887408961949404,0.023989811473660083,0.004424996690685575
105,1677886444.806132,40.509401795426534,-2.8933732150547637,0.0,0.0,-0.9998416519948141,0.017795250385456984,0.019062303883856657,0.020615643177089638,0.0035437825165092365
106,1677886445.209565,39.99975765420435,-2.881468783841638,0.0,0.0,-0.9998203287639794,0.01895547916271348,0.02084999034673274,0.019678381487834073,0.003459910780818457
107,1677886445.613005,39.46392340462705,-2.857097762780707,0.0,0.0,-0.9997925245677736,0.020369286153372,0.022030561286783268,0.019779432759460036,0.0031645651515092507
108,1677886446.016439,38.958455484973875,-2.823631934331277,0.0,0.0,-0.9997540466843315,0.022177604431126173,0.020196133970102892,0.018045358551804114,0.003293538450335099
109,1677886446.419879,38.41878306629653,-2.784042029911883,0.0,0.0,0.9998773197764099,0.015663505250830146,0.02175687129056314,0.017211712517578803,0.003557979186738192
110,1677886446.823318,37.883726614657895,-2.7195174153690793,0.0,0.0,0.9998471314045523,0.01748467391998064,0.022886049846420065,0.018056321689416954,0.0037473462990779654
111,1677886447.226752,37.34767857551,-2.661882934308497,0.0,0.0,0.999916914578375,0.012890459265006536,0.022485362732595604,0.01667817635315405,0.0043044650220735005
112,1677886447.630192,36.834816682852804,-2.6396809242721577,0.0,0.0,0.9999106124917535,0.013370378691961936,0.023777999115282,0.017702965040633956,0.004117095052048912
113,1677886448.033626,36.31021771972047,-2.598342567864682,0.0,0.0,0.9997116138906691,0.024014350961743213,0.025003867420764436,0.01905241530548807,0.004484124432078181
114,1677886448.437066,35.8252133117431,-2.5895850511687133,0.0,0.0,0.999504536866066,0.031475081956223026,0.026923232776880468,0.018538828112077077,0.004165005447188615
115,1677886448.840505,35.353849864025314,-2.647781052375196,0.0,0.0,0.9984182425748752,0.056222885853516785,0.030268619457956447,0.016215658896276075,0.004432503611100279
116,1677886449.243939,34.842155225820655,-2.414959455501392,0.0,0.0,0.9992137064617767,0.039648061981872866,0.04297866586807686,0.019574279648398196,0.010945918325903121
117,1677886449.647379,34.35776152597192,-2.471218549456351,0.0,0.0,0.9995465632257533,0.03011092731194367,0.04589579837193014,0.021528620441358726,0.009530941262724931
118,1677886450.050813,33.88399595621107,-2.480868662998465,0.0,0.0,0.9999582500434645,0.009137733308220906,0.04639110463313045,0.022919476402658567,0.007676819335828425
119,1677886450.454252,33.33455056774698,-2.4972951256677547,0.0,0.0,0.9999792836069237,0.006436797105991288,0.05261618109079791,0.02354881608343451,0.006770496855491724
120,1677886450.958552,32.76778652013134,-2.474952006917302,0.0,0.0,0.9999232776458601,0.0123870425025608,0.05428144313145822,0.025203252962679557,0.0062051564010481095
121,1677886451.361986,32.16781379558268,-2.3994192256561986,0.0,0.0,0.9998727462076831,0.015952786311680293,0.058805276882822,0.029153931600365723,0.0069864163702528116
122,1677886451.765426,31.713121659006948,-2.3551548684224453,0.0,0.0,0.9998094925082793,0.019518675424755254,0.060621005687266916,0.027339680121649224,0.005501821588004543
123,1677886452.168859,31.09265676707775,-2.331776133371141,0.0,0.0,0.9999610251975748,0.008828821315165976,0.05979408473183412,0.02496955816910429,0.004414292908391906
124,1677886452.572298,30.582389326147393,-2.322427245474213,0.0,0.0,0.9999856299663251,0.005360957083562168,0.0626869729964028,0.021391726937962652,0.003798649309604554
125,1677886452.975738,30.074785765693342,-2.3458399358221977,0.0,0.0,0.999479185188019,0.03227008484484427,0.06566497660185178,0.018073949281901314,0.003644811152460418
126,1677886453.379172,29.457926198074794,-2.1663835074627635,0.0,0.0,0.9997951164331959,0.02024166881293136,0.06976593226158911,0.016571857774506427,0.006669040494709962
127,1677886453.782612,28.988263320784313,-2.193761613243136,0.0,0.0,0.9999025779663494,0.013958315666605646,0.06948616368003968,0.01674826383103145,0.0061304462536362295
128,1677886454.186046,28.482765500151412,-2.153678354124364,0.0,0.0,0.999881985583539,0.01536277662141614,0.06569715529553832,0.01817425665050898,0.005108122226988899
129,1677886454.589486,27.98354643097015,-2.096969278746631,0.0,0.0,0.999496589668439,0.031726443878253005,0.06459536641330033,0.021619210664568733,0.00483554983134194
130,1677886454.992925,27.486990776692174,-2.0466416710968174,0.0,0.0,0.9995744761319312,0.029169618879500876,0.06206088753799577,0.025066938596130406,0.004622104464552841
131,1677886455.396359,26.976059514724344,-2.0271816368752598,0.0,0.0,0.999898297148509,0.01426167449888521,0.056783428853009354,0.027504016203382164,0.004303821869879538
132,1677886455.799799,26.445686327378922,-1.9839218441543531,0.0,0.0,0.9998990002447831,0.01421229430751398,0.044179846116549015,0.02441361558343136,0.003801912086993901
133,1677886456.203233,25.92347016583623,-1.9448056031842786,0.0,0.0,0.9997104994663634,0.02406069942280092,0.03316219836312939,0.02382416673092891,0.003966791726769565
134,1677886456.606673,25.42011944563526,-1.8888771201260979,0.0,0.0,0.999773953090807,0.02126129631938942,0.027877126140197106,0.022321615813011952,0.003725652171156608
135,1677886457.010106,24.903431644538664,-1.8459985173729747,0.0,0.0,-0.9999977968374956,0.0020991236635415373,0.024660930190634645,0.02465604345666561,0.003482536427274704
136,1677886457.413546,24.375802568593947,-1.817854674749711,0.0,0.0,0.9999996056885339,0.0008880443552003858,0.020275279353313636,0.025354373821701692,0.0036082210389002255
137,1677886457.816986,23.881164118683888,-1.7688150263134264,0.0,0.0,0.9994074317970202,0.034420709883505325,0.016301601749432848,0.025671923634559057,0.0030244873054406526
138,1677886458.22042,23.358724319082945,-1.715205704194643,0.0,0.0,0.9989969565314999,0.044778129045333404,0.014111999274518894,0.025045562368411378,0.002839413719927091
139,1677886458.62386,22.833247055703758,-1.6567687310737924,0.0,0.0,0.9985243433875363,0.05430594500134863,0.013521906387609306,0.02250618170752805,0.0028154004615148216
140,1677886459.027294,22.318343707805145,-1.575506706114337,0.0,0.0,0.9986826244030211,0.05131291957679166,0.013083177076225638,0.023872193195624725,0.002723023162292969
141,1677886459.430733,21.807253187882015,-1.511071191254672,0.0,0.0,0.9988425943406161,0.048098562669871774,0.012244944245821898,0.018563747458192115,0.0025425205910721035
142,1677886459.834173,21.30704207170141,-1.4904532023138946,0.0,0.0,0.9993365401285322,0.03642086714967801,0.01140438475533756,0.013416767211568814,0.0026958872572941726
143,1677886460.237606,20.78945210272863,-1.441129480802617,0.0,0.0,0.9996408785884273,0.0267976464443653,0.011638319905159733,0.011210643680452659,0.0028385598684509145
144,1677886460.641046,20.254579576296305,-1.4296779980176464,0.0,0.0,0.9997689153593664,0.02149688073084026,0.012748398055691723,0.012077308981504498,0.00274826461586419
145,1677886461.04448,19.73995176855566,-1.377699802674205,0.0,0.0,0.9998726231961478,0.015960494442661878,0.01282891905481165,0.012152725229767514,0.003437826795388098
146,1677886461.447919,19.237406158083573,-1.3276786772908582,0.0,0.0,0.9997487309943017,0.02241595135798128,0.014584233623338605,0.013146577957090289,0.003754915996034344
147,1677886461.851359,18.733838542197176,-1.2715888549255845,0.0,0.0,0.999319624793786,0.036882075619557295,0.01591195364210307,0.010902972082081241,0.0031136169523758484
148,1677886462.254793,18.230915280318925,-1.174750932982638,0.0,0.0,0.9992593182957105,0.038481356514446605,0.0172851984892759,0.010695017011820074,0.0035077132403238324
149,1677886462.658233,17.721869370734925,-1.0906302285708682,0.0,0.0,0.9994436539895978,0.033352398713153604,0.017368363168088763,0.009377661104172486,0.003327621049608473
150,1677886463.061667,17.228136980728205,-1.0313260485450118,0.0,0.0,0.9997982421505809,0.020086686949532712,0.017372306841650698,0.010043689834280167,0.0035321817344239727
151,1677886463.465107,16.746004824542258,-0.9812377229318372,0.0,0.0,0.9998259279461867,0.01865780819246106,0.01848826019329408,0.009283948200290104,0.003317766727300498
152,1677886463.868546,16.19125459711244,-0.9377331388230195,0.0,0.0,0.9999530169775911,0.009693494592427796,0.019787797100434545,0.011814235491501957,0.003511235043029258
153,1677886464.27198,15.683897192550088,-0.8597340295766351,0.0,0.0,0.9995774638116396,0.02906705764074489,0.02079098682526137,0.01153156132584654,0.004198835511843435
154,1677886464.67542,15.148283590445063,-0.8105489133785232,0.0,0.0,0.9989589155218015,0.04561891164315739,0.02159250321693662,0.014333420685153975,0.004305106733237896
155,1677886465.078854,14.631116391098775,-0.785966505512553,0.0,0.0,0.9990088810304257,0.04451129769324502,0.019927078577723023,0.017619208068904157,0.004286569246467753
156,1677886465.482294,14.10013972076949,-0.723983234719633,0.0,0.0,0.9987407506344184,0.050168845135188246,0.019204641077209317,0.018811678005004717,0.0038781949083065053
157,1677886465.885733,13.655823817484,-0.6425194116012845,0.0,0.0,0.9983465335127913,0.057482162650625425,0.01862697224163412,0.01668386885359535,0.003474602501264741
158,1677886466.390027,13.204570253828365,-0.5142629531302179,0.0,0.0,0.9960902440093584,0.08834152924517848,0.018528536739552237,0.015200051240888246,0.0038944886396439318
159,1677886466.793467,12.663451414783832,-0.36811641438147413,0.0,0.0,0.9972939744125431,0.07351685929386378,0.018022876588020154,0.014913116328569398,0.004755794701896253
160,1677886467.196901,12.203783456155447,-0.27382936573208294,0.0,0.0,0.9984054432537645,0.05644971993955385,0.017156460106406257,0.013297763485949382,0.00477534521140169
161,1677886467.600341,11.727625098390593,-0.20473780636588,0.0,0.0,0.9990083976588058,0.04452214513234262,0.016993701177028697,0.013748727998678621,0.004453138059293469
162,1677886468.003774,11.215587808653854,-0.13943327673616002,0.0,0.0,0.9984267694943552,0.05607125785164667,0.016355597895312712,0.012057347939605164,0.0038693825365879756
163,1677886468.407214,10.701346432623344,-0.0960318238920196,0.0,0.0,0.9993377406970356,0.036387910334950334,0.01485375693718538,0.011102724796096702,0.0037591378391695503
164,1677886468.810654,10.145965653578374,-0.09326082818898479,0.0,0.0,0.9994189760284793,0.03408387234728407,0.013869318782610662,0.0118359398315948,0.0036492143221919316
165,1677886469.214088,9.609525290431897,-0.06447681190060495,0.0,0.0,-0.9998153172226711,0.019217997994836044,0.01342893262817313,0.012692377982986594,0.0038234129111910787
166,1677886469.617528,9.119153334160083,-0.08215264383157038,0.0,0.0,-0.9996173143793815,0.027662696776577102,0.014709247271596837,0.011875731015646486,0.003495230002771393
167,1677886470.02096,8.611531766392035,-0.09779506712973425,0.0,0.0,-0.9994731548760541,0.032456319601997276,0.014826984602223092,0.012503127226039213,0.0033595173921436654
168,1677886470.4244,8.041758610202804,-0.09491808498736012,0.0,0.0,-0.9998185062648991,0.019051365573781176,0.016141026247339596,0.012050776884170446,0.0032312085613083875
169,1677886470.82784,7.508557943362421,-0.10384692714659619,0.0,0.0,-0.9999820166001423,0.005997205708728618,0.015077489772536978,0.011459809613692494,0.0030082260663250224
170,1677886471.231274,6.965509777271628,-0.09821838531369648,0.0,0.0,-0.9999981430732688,0.0019271351831744925,0.01623253490514287,0.009755332439970617,0.002973779372365013
171,1677886471.634714,6.445146077560958,-0.10175908329281143,0.0,0.0,-0.9999796641218703,0.0063774087771972625,0.01814678906389844,0.008542265196924035,0.0031213534893380877
172,1677886472.038148,5.920083999302007,-0.11357521277684063,0.0,0.0,-0.9999580128100922,0.009163657397103607,0.017252844183516913,0.00979233367662026,0.003377318964096554
173,1677886472.441587,5.396504281957593,-0.09276481796408163,0.0,0.0,-0.9998525133955173,0.017174150828114836,0.018866805117813357,0.011409410041164404,0.003897874701126453
174,1677886472.845027,4.830168596440104,-0.10065808543014679,0.0,0.0,-0.9993623931892461,0.0357044406070522,0.01927756621081045,0.011844911729743763,0.0035440986281099597
175,1677886473.248461,4.311757046528505,-0.1129558261040067,0.0,0.0,-0.998952840196839,0.045751754749611295,0.018715637155430898,0.011659802648239303,0.0035440998412121813
176,1677886473.651901,3.7863952840194544,-0.14337509016305222,0.0,0.0,-0.9998663252504968,0.016350279204578957,0.018193251558356494,0.012790417909035873,0.0030395846969006888
177,1677886474.055335,3.2476201063829233,-0.15216672828381153,0.0,0.0,-0.999926573371095,0.012118080142505688,0.017686761384654304,0.013860815925322463,0.0034621600409362107
178,1677886474.458774,2.66666107622944,-0.14350755316282418,0.0,0.0,-0.9999536199630057,0.009631091468819946,0.017004440614819316,0.01358636976298866,0.0038727515202148363
179,1677886474.862214,2.159855774325511,-0.1539637781969839,0.0,0.0,-0.9999354885493917,0.01135864162166156,0.017193782347025177,0.014065129067466,0.003523321232687283
180,1677886475.265648,1.6357104701957352,-0.1516113135573884,0.0,0.0,-0.9999783529514985,0.006579789389357289,0.016390443000562804,0.01551890186956122,0.003979771200710255
181,1677886475.769948,1.0509261635204445,-0.17321047677016607,0.0,0.0,0.9999765485000057,0.006848536341122902,0.015802204807253473,0.014698307220953957,0.004506137536307274
182,1677886476.173382,0.41575664713617294,-0.078565145273323,0.0,0.0,0.9997872487342988,0.02062661553191143,0.01932673388704384,0.017687993448773504,0.006005407010354584
183,1677886476.576821,-0.09363108025717676,-0.0665665229040984,0.0,0.0,0.9996365418837424,0.026958934153875118,0.018779154059722053,0.0164477038460645,0.004759040473866523
184,1677886476.980261,-0.5928133690589892,-0.025552139359464595,0.0,0.0,0.9994231354850376,0.03396168808019131,0.020210065750230488,0.01658309412463974,0.004392113624940746
185,1677886477.383695,-1.092855859945914,0.015892194321028105,0.0,0.0,0.9990865021518054,0.04273360759484863,0.02296753481610847,0.017468845943291712,0.004295871217716849
186,1677886477.787135,-1.5897743884828208,0.08707431505020861,0.0,0.0,0.998279404267358,0.05863643078845109,0.023790405510113466,0.0178018030014916,0.004386279524846803
187,1677886478.190569,-2.068113662003082,0.17249790804203727,0.0,0.0,0.9971619871712324,0.0752859305628808,0.026264068345871472,0.016556857427648362,0.004117994214299805
188,1677886478.594009,-2.526748284677576,0.3072869616352438,0.0,0.0,0.9961551219675371,0.08760692311593433,0.02710908849842486,0.016521432590572302,0.004589859811250281
189,1677886479.098302,-3.010201406752407,0.5758056727490872,0.0,0.0,0.9844691769559388,0.17555751087235305,0.02855339656960787,0.018624696397768925,0.008617073930621059
190,1677886479.703462,-3.5005724465191177,1.0492625905985489,0.0,0.0,0.9457533763109501,0.3248854431895007,0.034301539267593384,0.024607432595351586,0.013228328152510587
191,1677886480.207756,-3.7787484595850636,1.580884170501047,0.0,0.0,0.8880934248432049,0.4596629947584065,0.033767615627484204,0.02975734093966409,0.01607388325883434
192,1677886480.712056,-3.9811092299575623,2.090503892769177,0.0,0.0,0.8342457175735807,0.551392856963292,0.03243469006465638,0.030192435739236245,0.0137863130172956
193,1677886481.115489,-4.026113858738288,2.583764666329833,0.0,0.0,0.7911673062111625,0.6115997821963091,0.030383035149913695,0.03278919224363719,0.011382027451105553
194,1677886481.518929,-4.040881462416234,3.12883143490502,0.0,0.0,0.7657250332480291,0.6431680755893476,0.03172129096481413,0.03250574408262885,0.009940183160644864
195,1677886481.922369,-4.038555425189954,3.68374669142992,0.0,0.0,0.7459165783627185,0.6660393818113568,0.030296992378332277,0.02981024284813394,0.008178530614218096
196,1677886482.325803,-4.017602064077813,4.184132402695989,0.0,0.0,0.733457888562756,0.6797348936939047,0.0263549508781864,0.02682094728185902,0.006330762345573754
197,1677886482.729243,-3.979160607784683,4.658611630751038,0.0,0.0,0.7180650140480224,0.6959760309092645,0.023602841712724754,0.025406849443722734,0.005374384188285229
198,1677886483.132676,-3.9335077186638623,5.149028701186933,0.0,0.0,0.7046954566229098,0.7095099107236126,0.018372714543444246,0.021421709880808493,0.004374259998582026
199,1677886483.536116,-3.893317790209712,5.6609894346731116,0.0,0.0,0.7017072726249276,0.7124653700674058,0.01603796547623304,0.020109844431537738,0.004334413560044646
200,1677886483.939556,-3.8449397143355144,6.1664467642926555,0.0,0.0,0.7049290850322548,0.7092777911901571,0.0192668950500412,0.01849291985157464,0.0041693494247936206
201,1677886484.34299,-3.828097277098379,6.6768204975248855,0.0,0.0,0.707750735030104,0.7064622403669905,0.019644429588876022,0.018516569089051416,0.003609629518067067
202,1677886484.74643,-3.8044399129805146,7.179642217126542,0.0,0.0,0.7151112111849298,0.6990106977991273,0.017268165141224756,0.017994264971861185,0.0031566813972572026
203,1677886485.149863,-3.8089072046403727,7.6874382090176345,0.0,0.0,0.7092718941368323,0.7049350184148536,0.01911446031155606,0.01738814362818175,0.0034464605739299094
204,1677886485.553303,-3.788664172210548,8.155044008626534,0.0,0.0,0.7137318322198544,0.7004190686125626,0.021074008777342,0.017363540652624465,0.0033857681168240825
205,1677886485.956743,-3.755677348720668,8.627045793926076,0.0,0.0,0.6900407339363462,0.7237705337388285,0.020839791261957785,0.01662669219098234,0.0031753020526294282
206,1677886486.360177,-3.664716409913057,9.074313423908158,0.0,0.0,0.6422672597201825,0.7664807675940263,0.017954752219063508,0.015732798097630507,0.0032157347023921696
207,1677886486.763617,-3.4612532788624413,9.498718286752997,0.0,0.0,0.5734089771104665,0.8192692750061659,0.01608684548440742,0.016258310578919577,0.004023789110585256
208,1677886487.167051,-3.1789914356006865,9.897251880661992,0.0,0.0,0.49514187725529435,0.8688121323900254,0.015744022654470058,0.018374714653390356,0.0053667274159126
209,1677886487.67135,-2.788935378024944,10.264845837172237,0.0,0.0,0.4033483275773913,0.9150465161075263,0.01654323976153016,0.021504521945274746,0.005900665510122003
210,1677886488.074784,-2.3528103732981447,10.487401764791407,0.0,0.0,0.3279782347230511,0.9446852796291213,0.019301530575681625,0.023547340031768726,0.00790655285664364
211,1677886488.579084,-1.7932389708583185,10.70142519905377,0.0,0.0,0.24106867149672123,0.9705080605656018,0.01876699961056838,0.027096100105708842,0.009369063609942574
212,1677886488.982524,-1.3390990292246312,10.845452689108678,0.0,0.0,0.16500909075817324,0.9862920459818992,0.01856288222736513,0.025104213326002878,0.008584537026929356
213,1677886489.385957,-0.8830689734298799,10.937127444280412,0.0,0.0,0.1169706822194982,0.9931353681654406,0.017170497797770023,0.023754562480220898,0.00746116500375081
214,1677886489.789397,-0.4078670254154224,10.984509877486715,0.0,0.0,0.09552725674190346,0.9954268145973196,0.0154156748949551,0.02100467360553182,0.006236575351310273
215,1677886490.192831,0.0911854524135084,10.990224239621948,0.0,0.0,0.06813598821786064,0.9976760431671072,0.01605070209373112,0.020512648807240907,0.005785080659760522
216,1677886490.596271,0.5771318089677161,10.989903597737184,0.0,0.0,0.05581570621174628,0.9984410883673027,0.0165467270060094,0.020247224080108595,0.005266679337969604
217,1677886490.999711,1.093717837059438,10.994486855844668,0.0,0.0,0.07400468477898692,0.9972578937420163,0.01537667530464093,0.015628508702135946,0.004009197119636988
218,1677886491.403145,1.6060533774365298,10.983697537581543,0.0,0.0,0.07921534714737921,0.9968575268193144,0.015689767412364386,0.014829423309990375,0.004282796536260315
219,1677886491.806584,2.0913795884870416,10.966604690651232,0.0,0.0,0.09031172187752742,0.9959135468962735,0.01649308439966113,0.012432930916020268,0.004507509061033158
220,1677886492.210018,2.5898756325860965,10.971259365862684,0.0,0.0,0.0852589956750192,0.9963588227423327,0.01815129398178783,0.012241285538991065,0.005264214371673073
221,1677886492.613458,3.077369576186919,10.963544468204883,0.0,0.0,0.053209877350838604,0.9985833510290009,0.017967310977693884,0.012033631553308055,0.004708829752784884
222,1677886493.016892,3.556648378963493,10.943647990225601,0.0,0.0,0.02766854475750802,0.999617152529408,0.016242252227822718,0.012185839305800528,0.004348172743447976
223,1677886493.420332,4.037509196898106,10.911928048284105,0.0,0.0,0.018525709504582304,0.9998283843177047,0.018857373462889626,0.012740246835463154,0.004457689021719676
224,1677886493.823771,4.504792168304148,10.88911456774028,0.0,0.0,0.008923615739266692,0.999960183748402,0.020719714600538452,0.014061556464682212,0.004402747741232967
225,1677886494.227205,4.9667852339937735,10.85584532498761,0.0,0.0,-0.01016400483185658,0.9999483451687782,0.024145440502891802,0.014950497630550785,0.003973387229973302
226,1677886494.630645,5.470353981226682,10.802448749657275,0.0,0.0,-0.017008235882250086,0.9998553494942024,0.026783943727046733,0.018593667568367778,0.0038099976773354628
227,1677886495.034079,5.916842490218863,10.747014551633084,0.0,0.0,-0.03858160613256479,0.9992554526587442,0.028268087491383653,0.020059356728395983,0.0035055645860260056
228,1677886495.437519,6.436313647853484,10.667664771333174,0.0,0.0,-0.03967490048414654,0.999212641168822,0.027540679843156113,0.021679002070314368,0.004246076575155082
229,1677886495.840958,6.917701812688083,10.594541924500383,0.0,0.0,-0.04462328111577174,0.9990038852689527,0.027554870445960944,0.020803833306260344,0.0034890557043809355
230,1677886496.546972,7.523546964694587,10.344359777871778,0.0,0.0,-0.18273559148923915,0.9831620942667989,0.029691752646122893,0.02214608289803266,0.00627778744696191
231,1677886497.252986,8.002520255170683,9.852032737562286,0.0,0.0,-0.36019639231422923,0.9328764971655218,0.02863783718912316,0.02510419154029364,0.009547539428986392
232,1677886497.858145,8.268996227208183,9.259748304112996,0.0,0.0,-0.5158234733455562,0.8566948957159288,0.026413311241725523,0.029037358484984566,0.014116230511299671
233,1677886498.362439,8.34276270906249,8.726897614494888,0.0,0.0,-0.6246346244174946,0.7809171441188978,0.02468604102205063,0.029565696748903747,0.014176981865473857
234,1677886498.765879,8.300329526014442,8.285899181470041,0.0,0.0,-0.6843385260057853,0.7291644408665505,0.024029908606294725,0.030262948149470503,0.014334254241888429
235,1677886499.169313,8.220838374459609,7.8095627026366055,0.0,0.0,-0.6842057872056815,0.7292889967319222,0.0297525717891034,0.03017754118978644,0.014181153752078646
236,1677886499.572753,8.131595050980042,7.338605472561225,0.0,0.0,-0.6810301779048913,0.7322553494395463,0.031069448658541887,0.027328976171489217,0.012033784905897144
237,1677886499.976192,8.119460304299045,6.861187404626786,0.0,0.0,-0.6603538593863307,0.7509545794477708,0.029293242341239534,0.023065293081650395,0.007944119796242662
238,1677886500.581346,8.131794795402179,6.241756423561513,0.0,0.0,-0.5612432079775175,0.8276509297397696,0.02973297860897617,0.02080552942847902,0.008831592381906273
239,1677886501.1865,8.554892418974559,5.9278385547036905,0.0,0.0,-0.33695820199197285,0.9415196068645287,0.04567009538111222,0.020484590929420676,0.02374296771018259
240,1677886501.6908,8.879543477363628,5.725797397378582,0.0,0.0,-0.15337616845681853,0.9881678758943268,0.16032815984067383,0.0624598546021744,0.10194728410146679
241,1677886502.295953,9.316721036952488,5.496470103837819,0.0,0.0,-0.01948283344776917,0.9998101915868064,0.14631944063674496,0.059631629634179006,0.06644811655161183
242,1677886502.800253,9.808558310555826,5.444313644102402,0.0,0.0,0.01621633127539681,0.9998685066547334,1.084248202031958,1.4838235460876206,0.043254145142775216
243,1677886503.304547,10.363701664629659,5.435265441270447,0.0,0.0,0.048278859947044526,0.9988338959417695,0.229711142123449,0.41779984552498206,0.020409458196891616
244,1677886503.707987,10.836905293915173,5.466225885043988,0.0,0.0,0.023248686247154073,0.9997297127662963,0.2434054775035861,0.0644230844865632,0.009246614457328998
245,1677886504.11142,11.291152964412397,5.470942568342875,0.0,0.0,0.01406169187758743,0.9999011295230843,0.06919285456135071,0.0184390133593908,0.006729161753114836
246,1677886504.51486,11.777926949305387,5.471914149429325,0.0,0.0,-0.005018905630987626,0.9999874052138193,0.06309554315376431,0.015426435179044518,0.004597840422247405
247,1677886504.9183,12.323393698763518,5.4625613745276285,0.0,0.0,-0.0015308515065445066,0.9999988282461459,0.06360296073808058,0.01538750853821469,0.004096720950615217
248,1677886505.321734,12.88951791090862,5.456487904908157,0.0,0.0,0.005720734948290689,0.999983636461943,0.06792681503131348,0.015538524980534874,0.004976330732877492
249,1677886505.725174,13.405779944741832,5.442744898848535,0.0,0.0,0.016517972743069455,0.9998635689815182,0.05904974616061054,0.013010869468164543,0.004838966390445966
250,1677886506.128607,13.92990456443864,5.4275370991288865,0.0,0.0,0.03450774645635216,0.9994044303656574,0.058708805535815145,0.013111569301127446,0.004562980820990855
251,1677886506.532047,14.441418334097014,5.5247927005358175,0.0,0.0,0.03578799384881658,0.9993594045668841,0.05500572816924887,0.013455337078276841,0.00471539245836769
252,1677886506.935487,14.842828400116167,5.382713549622698,0.0,0.0,0.018902414579386267,0.9998213334006576,0.08819466859429781,0.041562256121480345,0.03893949022239852
253,1677886507.338921,15.273626313473619,5.313405272732773,0.0,0.0,0.01073141583458671,0.9999424166991743,0.09439391821422305,0.03528402564715094,0.03047363072168623
254,1677886507.742361,15.760018729823711,5.284713651500092,0.0,0.0,-0.00792035109587088,0.9999686335273312,0.08942253464488203,0.02677054806152057,0.01696848536918881
255,1677886508.145795,16.244126947742043,5.240964335915663,0.0,0.0,-0.0008728788256970447,0.9999996190412053,0.08628430238786677,0.020295706354204412,0.010471850055607078
256,1677886508.549234,16.773541033375736,5.186564258858163,0.0,0.0,-0.011200658067963994,0.9999372706619374,0.0856707197532387,0.01664093011986978,0.0074872363257458795
257,1677886508.952674,17.244998158020927,5.1528000651498465,0.0,0.0,-0.011695701855564572,0.999931602939974,0.0811861532556577,0.015064975931998958,0.005701753138339272
258,1677886509.356108,17.76225738851674,5.123678442285626,0.0,0.0,-0.007449022610647153,0.9999722556461984,0.07700006142522398,0.0159637976582232,0.005157600844517798
259,1677886509.759548,18.33080965215612,5.098190657633319,0.0,0.0,0.00011452987080849759,0.9999999934414543,0.07688922873330739,0.01851835654115419,0.005809580482984012
260,1677886510.162982,18.818954763275105,5.062778168160631,0.0,0.0,0.0016735994442318295,0.9999985995314695,0.07875115254404363,0.017600428091661513,0.0062773469926282075
261,1677886510.566421,19.359208948678784,5.032584872999219,0.0,0.0,0.003298098817411366,0.9999945612573053,0.07909527181647036,0.019037692756821656,0.005789438008235046
262,1677886510.969861,19.91085016421371,5.009097315609434,0.0,0.0,0.014560351607194077,0.9998939924617384,0.07703662640921038,0.01935659827332259,0.0054157996883810325
263,1677886511.373295,20.432250011258603,4.934080598645596,0.0,0.0,0.007787203625600675,0.9999696792701734,0.08394735519146934,0.019725834849754875,0.006129915561379252
264,1677886511.776735,20.994120444902503,4.897267519451243,0.0,0.0,-0.03297030715367895,0.9994563316354508,0.09158552861072167,0.01991706546584382,0.005611264241290304
265,1677886512.18017,21.53184893303209,4.853089539738253,0.0,0.0,-0.04801299776401313,0.9988467109850805,0.09250768845816992,0.01869976311675714,0.004993996211825972
266,1677886512.583609,22.02594132007369,4.783923283434666,0.0,0.0,-0.06496076547694596,0.9978878188196553,0.08835396124879935,0.01746832958108513,0.004373715115429302
267,1677886512.987049,22.4790406841653,4.701862533767146,0.0,0.0,-0.10857615279882923,0.9940881344445297,0.07455843899089132,0.01970749831207641,0.004330849725634242
268,1677886513.592203,22.99214463213414,4.349064768393592,0.0,0.0,-0.2526454991575739,0.96755891384216,0.05948843135638526,0.023559987743276167,0.006885924556224519
269,1677886514.197357,23.409289644230302,3.8803017637710524,0.0,0.0,-0.3736876164063679,0.9275546158283766,0.04388830619950568,0.02681824170967495,0.008429934658650965
270,1677886514.802516,23.67115342924868,3.2535962223221935,0.0,0.0,-0.5044006397533435,0.8634697415754752,0.036806201802050964,0.034182311908066865,0.012769412445408862
271,1677886515.30681,23.78709956884475,2.7186002261570104,0.0,0.0,-0.609859311422768,0.7925096972724986,0.028422328900546745,0.03605382051495365,0.011260192470659196
272,1677886515.71025,23.827456508900436,2.2654576450800974,0.0,0.0,-0.639096000703007,0.7691269738381447,0.02083247443192704,0.03814601019814301,0.009296037643592412
273,1677886516.113684,23.87829454114556,1.8342117609426383,0.0,0.0,-0.6648251160532166,0.7469990395340728,0.018448778902211416,0.039658939166689944,0.00705266504672539
274,1677886516.517123,23.830584739866648,1.3543253355042884,0.0,0.0,-0.6822322756600251,0.7311355018378901,0.020880707810761123,0.04270020591816848,0.007624749280992873
275,1677886517.021417,23.7970950210009,0.8408373279314564,0.0,0.0,-0.6901360145089462,0.723679681542675,0.025466859258585828,0.04417284343644301,0.007563137832419454
276,1677886517.424857,23.687820095088156,0.3711600877945868,0.0,0.0,-0.7341832049892081,0.678951413218777,0.027364288300645967,0.049955816012270116,0.008476726388589484
277,1677886517.929157,23.547588244802014,-0.08609341953663535,0.0,0.0,-0.7667378901411951,0.6419602852372012,0.030806387754296338,0.0531123930392786,0.008214443379566573
278,1677886518.53431,23.192762003914623,-0.5636230010949511,0.0,0.0,-0.8617771128676291,0.5072871058262113,0.03828090574745602,0.060664676765288916,0.013340039537163784
279,1677886519.240324,22.58264082214844,-0.9940698403634053,0.0,0.0,-0.963334104904742,0.26830468189612255,0.04576265985718919,0.06915747575376197,0.01663516974591216
280,1677886519.643764,22.134134643115225,-1.0889677209842443,0.0,0.0,-0.986255713919437,0.16522610798920842,0.05158538553632752,0.0681700164217669,0.019120874424781976
281,1677886520.148058,21.575157252509065,-1.148882283348404,0.0,0.0,-0.9955883570348689,0.09382869143609752,0.049457668097431906,0.06136879655413985,0.016176417691994988
282,1677886520.551497,21.12348023167976,-1.18174334503715,0.0,0.0,-0.997833790159212,0.06578546356530188,0.04642181917671451,0.04298770782499939,0.01282485474117282
283,1677886521.055791,20.590892522810446,-1.1726461276778912,0.0,0.0,-0.9995233964607775,0.03087037297331384,0.04536926154116827,0.02647994681361099,0.009837176716600879
284,1677886521.459231,20.081949314281324,-1.1759530191249044,0.0,0.0,-0.9998895173935248,0.014864488102319832,0.039932371004113065,0.019767195746436483,0.00865909908113131
285,1677886521.862671,19.558024742875403,-1.129251991633207,0.0,0.0,0.9999678246446205,0.008021824948566104,0.038945237968221136,0.018456162038701818,0.007893168922975178
286,1677886522.266105,19.100913415556313,-1.1104324859139771,0.0,0.0,0.9999034602701565,0.013894968145606052,0.03622945444448078,0.018237024939234292,0.006561200220862841
287,1677886522.669544,18.616213850710732,-1.0418204615516147,0.0,0.0,0.9999127596012843,0.013208829870365061,0.03410240498482153,0.01900443524896689,0.005348683847276295
288,1677886523.072978,18.11597722374507,-0.9829902371494619,0.0,0.0,0.9988319454187269,0.04831919712744968,0.030218247422112654,0.015132512930807973,0.0039839753496109616
289,1677886523.476418,17.635888279364202,-0.9218941627098283,0.0,0.0,0.997816010567928,0.06605459147027151,0.029581964097531,0.01491013964261756,0.0032802036123561478
290,1677886523.879858,17.17076795857816,-0.8930314654807452,0.0,0.0,0.997652889093071,0.06847417676941124,0.030062506393676358,0.014299613619108364,0.003075058969372063
291,1677886524.283292,16.706063499131165,-0.8629642125747339,0.0,0.0,0.9978534941621592,0.06548590831904093,0.028774079796562546,0.014554443394669603,0.003203379578748701
292,1677886524.686731,16.229444143430015,-0.8202105842708304,0.0,0.0,0.998594247432036,0.05300499029002528,0.02869048209851144,0.016369476823547613,0.0033026931517638465
293,1677886525.090166,15.758424236739264,-0.7852732846875363,0.0,0.0,0.998493394120689,0.05487205023822462,0.02990906778032354,0.01720553942005376,0.003322836892759066
294,1677886525.493606,15.286248046178063,-0.7394765721287647,0.0,0.0,0.9989712726395781,0.04534750754850657,0.02751249391485544,0.015870398557076615,0.00307922626156546
295,1677886525.897046,14.79209364650615,-0.7010800112218742,0.0,0.0,0.9999444076582998,0.010544268248293433,0.029239898178389012,0.01622506089965553,0.002746755275937577
296,1677886526.40134,14.255759084666865,-0.7474044009342585,0.0,0.0,-0.9983302329841066,0.0577645731387283,0.02841460845249344,0.014337363104376388,0.0025835844207050176
297,1677886527.006493,13.710869604710464,-0.9493295571974666,0.0,0.0,-0.9744214608659265,0.22472831731651802,0.030571300541794244,0.013135756473426907,0.0031665682062015266
298,1677886527.712513,13.191865026720775,-1.346677861630391,0.0,0.0,-0.8794460813380447,0.475998518925382,0.028376464378624178,0.013801445159628667,0.004723717046157517
299,1677886528.317667,12.895167157946847,-1.7883579019269193,0.0,0.0,-0.7781656551342787,0.6280590841389357,0.02643738977360499,0.015189753242951909,0.0055846464751987
300,1677886528.922826,12.667289386171035,-2.34396800723297,0.0,0.0,-0.7509255718952621,0.6603868453215688,0.027287677177241676,0.013771460511428302,0.006418853183787827
301,1677886529.52798,12.50823514178543,-2.921543720128714,0.0,0.0,-0.7561407951533424,0.6544089683866435,0.028714954973281692,0.013070237306461507,0.007010131554443248
302,1677886529.93142,12.429329173342724,-3.4437286289724143,0.0,0.0,-0.7754850368729264,0.6313659458556472,0.03234923611645968,0.01090731102269693,0.007536953147108005
303,1677886530.435714,12.294568121501682,-3.9669142601360194,0.0,0.0,-0.7757871098830875,0.6309947385987037,0.03581679620498335,0.011403433293855514,0.007955488718302085
304,1677886530.940013,12.127231317545494,-4.527068498900868,0.0,0.0,-0.7959422345591369,0.6053725788677646,0.03380598431519388,0.013142556701133401,0.008487386816040967
305,1677886531.545167,11.990936786017118,-5.135996039297906,0.0,0.0,-0.7840383068719332,0.6207124401503423,0.02805460935800852,0.012486447088942754,0.007657185204029204
306,1677886531.948607,11.862565016370175,-5.583534399098539,0.0,0.0,-0.7928556847397972,0.6094094380429198,0.025474754593687976,0.01644866089408481,0.007870241720688639
307,1677886532.553761,11.596059167974785,-6.084399161722142,0.0,0.0,-0.8005283072263756,0.5992949435205286,0.025444787128435564,0.020397242630750156,0.010095843139183875
308,1677886533.058055,11.446528470367532,-6.619747436111038,0.0,0.0,-0.7752667298147721,0.631633990252511,0.027609367842046595,0.02201407329667404,0.010110287249582468
309,1677886533.562355,11.32767492636399,-7.077102523949509,0.0,0.0,-0.7608941843311262,0.6488759821807786,0.03138504907389006,0.02590623279920834,0.010408539621805778
310,1677886534.066649,11.29240455049209,-7.6076224801484775,0.0,0.0,-0.7518650037536082,0.6593170831478483,0.03499862232830253,0.025239852478811997,0.009526960362055064
311,1677886534.570949,11.21925607058885,-8.093204935258203,0.0,0.0,-0.7205547402722485,0.6933980575911591,0.03859128162244474,0.027319102025600728,0.008286602838884213
312,1677886534.974388,11.313455615779537,-8.607962228211967,0.0,0.0,-0.7147175481589675,0.6994132014436344,0.0401585694632729,0.027354766696973343,0.009107227578629373
313,1677886535.377822,11.165026590404024,-9.066180597641493,0.0,0.0,-0.701030743126582,0.7131310519051827,0.041755978687078255,0.033123958838913836,0.012563172154876791
314,1677886535.781262,11.208167838555624,-9.55730990111001,0.0,0.0,-0.6957358805260028,0.7182976991113835,0.04185035817485527,0.03772077950242192,0.010671697206245983
315,1677886536.184696,11.114867191638703,-10.077342841879114,0.0,0.0,-0.7031538872446689,0.7110377000220955,0.024648110658347377,0.04212964100274519,0.008805086204555545
316,1677886536.588136,11.07652703881988,-10.568524585432467,0.0,0.0,-0.7025907785589103,0.711594124402376,0.014843227838753137,0.03955393166674526,0.007164496337576121
317,1677886536.991575,11.02403518903157,-11.095046322564771,0.0,0.0,-0.7057403523849154,0.7084705745587572,0.012613390910686917,0.04465028042545782,0.006304750101873288
318,1677886537.395009,10.963585735666856,-11.583187512162047,0.0,0.0,-0.7078288357917357,0.7063839885088817,0.012588755341823799,0.05194254420678135,0.005870337508046405
319,1677886537.798449,10.942257722389188,-12.081160509352841,0.0,0.0,-0.6970939098892066,0.7169798329070202,0.012569071528744757,0.051143039366735366,0.004430672896385356
320,1677886538.201883,10.883904495989002,-12.559179401216285,0.0,0.0,-0.7082643988923837,0.7059472652129267,0.012241711050123172,0.05598271741231997,0.004131241135581238
321,1677886538.605322,10.859710235423952,-13.075236216717737,0.0,0.0,-0.7082976806082174,0.7059138726820856,0.010535797899279942,0.06257491149852967,0.0033652019310950534
322,1677886539.008756,10.830696994508605,-13.576821649076738,0.0,0.0,-0.7122554674976502,0.7019203295386904,0.009264792451460835,0.05979520204695632,0.0031672383448709427
323,1677886539.412196,10.821268585000226,-14.045060055004127,0.0,0.0,-0.6916114180228552,0.7222697878635208,0.009427850079092082,0.06020214839924165,0.0029056286455583402
324,1677886539.815636,10.83524103297621,-14.554162512010592,0.0,0.0,-0.6787950392560949,0.7343277842226295,0.009550103351742223,0.06133864070571349,0.0030657795646396443
325,1677886540.219071,10.825378157470265,-15.09378261370212,0.0,0.0,-0.6965135485188256,0.7175436409931549,0.010053065626479452,0.0562426511172589,0.0032369245938842833
326,1677886540.62251,10.79992524002164,-15.565105959571953,0.0,0.0,-0.7068381835848563,0.7073752767989995,0.010757174969697303,0.05175606954975365,0.0029380813194420847
327,1677886541.025944,10.757813930286655,-16.022415386756357,0.0,0.0,-0.7078587380134492,0.7063540238563145,0.012064225533890749,0.05064238923847597,0.0031656884698488407
328,1677886541.429384,10.712263181905577,-16.504627732090267,0.0,0.0,-0.7028370192882296,0.7113509150328244,0.013542719120778202,0.04892933786800313,0.003575452227791882
329,1677886541.832824,10.659865674090078,-16.95432762894518,0.0,0.0,-0.7151373595456348,0.6989839461547722,0.015092561667117366,0.04740070568823285,0.003527683482211559
330,1677886542.236258,10.596667685272612,-17.418535805172006,0.0,0.0,-0.7230584600949554,0.690786843595846,0.015608037810707742,0.04518944199020325,0.0034679858668812845
331,1677886542.639697,10.555481127997696,-17.870229491571475,0.0,0.0,-0.7180716444075835,0.6959691900492355,0.014184984696925085,0.04050901698275311,0.0032350921676682276
332,1677886543.043131,10.50995939787871,-18.342545674655796,0.0,0.0,-0.6938982014843016,0.7200731115496896,0.011894727637681513,0.0367525978454637,0.0032092020592025153
333,1677886543.446571,10.480602653249067,-18.774102143312057,0.0,0.0,-0.6817020514728718,0.7316299016700165,0.011199044410460601,0.03068915563869723,0.003543785330213879
334,1677886543.850011,10.457533887005562,-19.23117685412874,0.0,0.0,-0.7032563051523242,0.7109364031075502,0.010709591366975246,0.023284715834506642,0.0035050878979507164
335,1677886544.253445,10.42386606256385,-19.677036620278702,0.0,0.0,-0.7175401009855104,0.6965171953926935,0.012573970430153736,0.020609623734799243,0.0038766434240788358
336,1677886544.757744,10.34194576471389,-20.17911853670103,0.0,0.0,-0.720308815606441,0.6936535231364764,0.014584673278903892,0.019671168652791948,0.004069086313535794
337,1677886545.362898,10.379762253840243,-20.688949105577272,0.0,0.0,-0.6521164788960868,0.75811878881358,0.017654868768673282,0.016702684833376225,0.003988704574183385
338,1677886546.068913,10.793096763188746,-21.06209826040557,0.0,0.0,-0.4591769472262031,0.8883448267064005,0.03137526445964056,0.021033259652654124,0.014116437997200639
339,1677886546.674072,11.332204988901728,-21.324544730792617,0.0,0.0,-0.2756765377402196,0.9612504598384155,0.0403034550709549,0.019785200563205763,0.01557507826163864
340,1677886547.178366,11.846864655769744,-21.407596363617735,0.0,0.0,-0.12714148061741262,0.9918845920299458,0.03752612897639551,0.01951128952362069,0.01207667400814934
341,1677886547.581806,12.309483967907594,-21.432998003017584,0.0,0.0,-0.06255078263370271,0.9980417824880435,0.0336572996790494,0.015161534369610763,0.007798796789552726
342,1677886547.985246,12.77641512498245,-21.442648672729817,0.0,0.0,-0.0008665728560173966,0.9999996245256721,0.03172084836535305,0.013532242851397314,0.005886814726086753
343,1677886548.388679,13.217716078455075,-21.449853526663972,0.0,0.0,0.0054529900635178,0.9999851323391599,0.030765172673255847,0.012870474307646873,0.0045870181417625765
344,1677886548.792119,13.70329978543452,-21.483543354939556,0.0,0.0,0.015228452615320591,0.9998840403921562,0.030713176469220116,0.012734820417733772,0.0044872178782533086
345,1677886549.195553,14.21766134745318,-21.479388013355674,0.0,0.0,0.015875127228774724,0.9998739822274956,0.03169515168596604,0.012354916157050866,0.0035085342076538934
346,1677886549.598993,14.722513681961857,-21.51018220295053,0.0,0.0,-0.01763922508234538,0.9998444167661759,0.032629846593835055,0.012270088889465569,0.0030221221547880196
347,1677886550.002426,15.23239844312615,-21.53577413081088,0.0,0.0,-0.02014322131779975,0.9997971047342267,0.031129036265156174,0.013137460223958897,0.003134464743362105
348,1677886550.405866,15.731682052497874,-21.540892169934676,0.0,0.0,0.0032426865969401907,0.9999947424779962,0.03200588140248328,0.012989984544844901,0.003296969582215011
349,1677886550.809306,16.28088416446272,-21.551277881284914,0.0,0.0,-0.039215208313316714,0.9992307878748248,0.030871076262940278,0.01166150651732778,0.0032722609333476383
350,1677886551.21274,16.74577623923807,-21.559553532717267,0.0,0.0,-0.04274477350311256,0.9990860244934705,0.03699598628526246,0.011412333700491217,0.003231871649813611
351,1677886551.61618,17.221010335585333,-21.62841800582536,0.0,0.0,-0.07486792651422056,0.9971934584520004,0.03763170019402651,0.012703014208739205,0.0036874625822419763
352,1677886552.120474,17.76580550615887,-21.68741359003638,0.0,0.0,-0.05591077681717805,0.9984357691087092,0.04084831393646482,0.013200763589509279,0.0036335658278785253
353,1677886552.523914,18.217533783798817,-21.769414257836623,0.0,0.0,-0.05607558936797532,0.9984265262286626,0.04339337968104928,0.012904334511119941,0.0034908272982628894
354,1677886552.927354,18.654612179322488,-21.800858341229958,0.0,0.0,-0.040558886406458695,0.9991771498255292,0.044702965074407075,0.01315671999600454,0.003673174733789829
355,1677886553.330788,19.125704844387958,-21.852353754920262,0.0,0.0,-0.035886072189736766,0.9993558874709214,0.04560494650797864,0.012764026839818143,0.003200546145003159
356,1677886553.835087,19.634144221160486,-21.890875043120722,0.0,0.0,-0.04411677135051455,0.9990263812760934,0.045036379360965384,0.01241587306145675,0.003175347182084134
357,1677886554.541101,20.195086848302328,-21.938378869386657,0.0,0.0,-0.07530239724163758,0.997160743796938,0.04202262167484605,0.013368631860259939,0.003404592584679243
358,1677886556.356568,19.74851648063045,-21.89888864138696,0.0,0.0,-0.06277748038084834,0.9980275486964436,0.03984036680111558,0.007384189883396175,0.0032119033300478865
359,1677886556.961728,19.265118724628593,-21.85132665599256,0.0,0.0,-0.0591328433450576,0.9982501223831274,0.04110077319529637,0.005349597533552242,0.003454534386684046
360,1677886557.365163,18.858762521684962,-21.811220625530332,0.0,0.0,-0.05779359606515371,0.9983285532598263,0.040566322393090104,0.00529626731412236,0.003278140892258309
361,1677886557.768602,18.450724036888037,-21.77317069185508,0.0,0.0,-0.058956958322982284,0.998260525647139,0.03905802596801777,0.005947825874272894,0.003263701395171738
362,1677886558.172036,18.03095554584697,-21.765423161159593,0.0,0.0,-0.08063963728793844,0.9967433214715159,0.03809066745259315,0.00696294323569191,0.0031054657974561944
363,1677886558.777196,17.449333593679892,-21.68082034504566,0.0,0.0,-0.07148570219772303,0.997441624548173,0.03875379011719815,0.009078827916653154,0.0036444244497559576
364,1677886559.18063,17.03639632832096,-21.61790734174414,0.0,0.0,-0.08790619782911055,0.9961287569301618,0.038297083216207284,0.009641924040977301,0.0032449233288768375
365,1677886559.684929,16.59518424601619,-21.49879026200934,0.0,0.0,-0.09965847158740102,0.9950217027989204,0.035883628606086404,0.010861558705244079,0.0033860166170565464
366,1677886560.088363,16.185683155799726,-21.45915517912304,0.0,0.0,-0.10516218073772299,0.9944550848291172,0.03260958811739556,0.01066954515681573,0.003076837102229579
367,1677886560.693523,15.660921141201777,-21.346291588377664,0.0,0.0,-0.08280130330363744,0.9965660761691716,0.03241333097716392,0.01246825055801537,0.0036357174901009235
368,1677886561.197817,15.183786157814522,-21.236953244223415,0.0,0.0,-0.062985772938088,0.9980144249495554,0.02991790807712391,0.01287079410781189,0.0037865636026636115
369,1677886561.802976,14.701390124232725,-21.208251593724665,0.0,0.0,-0.04861243694918147,0.9988177165899,0.0278772498888884,0.012560146644887027,0.0034612038332366814
370,1677886562.408131,14.19910081048264,-21.224665868171915,0.0,0.0,-0.049340807545788797,0.9987820005940883,0.026503739673557902,0.013188453378916165,0.0035073226497984527
371,1677886563.013285,13.722974604572748,-21.22035115326651,0.0,0.0,-0.039857492777832175,0.9992053744198262,0.025627297987711017,0.013877551724647219,0.0035497927803334714
372,1677886563.618444,13.225716465724167,-21.20268710842244,0.0,0.0,-0.08260570490647742,0.9965823084506888,0.026177001315147663,0.014018418166585889,0.003475769613464463
373,1677886564.223598,12.686178440949382,-21.15785276579929,0.0,0.0,-0.07857296666737058,0.9969083653521462,0.02667227556739249,0.014352293141257633,0.0036072921247324572
374,1677886564.828758,12.172668027201349,-21.12009854939967,0.0,0.0,-0.07946307505608047,0.9968378101289255,5.255781252337329,6.249574891633131,0.03152698315041677
375,1677886565.433911,11.684253622169386,-21.09338437452895,0.0,0.0,-0.11478358875165896,0.9933905212721178,0.6110993208928619,1.0206361882408146,0.00643337544847645
376,1677886566.039065,11.221711004378061,-21.079990231911736,0.0,0.0,-0.2262736098226989,0.9740637830747045,0.9395952440054316,1.2949519015814417,0.013024232076052194
377,1677886566.644225,10.797557456853694,-21.06122782614721,0.0,0.0,-0.4330509289409736,0.9013694541881037,4.665591194644492,4.06513737719871,0.045662861513747106
378,1677886567.249378,10.300366454570412,-21.065127717704232,0.0,0.0,-0.634068808697273,0.7732766295687599,5.024445383873925,4.290007586889658,0.21982112376617502
379,1677886567.753678,10.022832002471237,-21.216721976992016,0.0,0.0,-0.7515604249830065,0.6596642536922572,7.325674663578354,4.6630206183910445,0.8064833020487199
380,1677886568.358833,9.786123043425572,-21.30200396566567,0.0,0.0,-0.8565893546447186,0.5159987185152154,5.564685560936681,4.237736854208265,1.0106250878364695
381,1677886568.863133,9.550834724434843,-21.293918484835018,0.0,0.0,-0.9458614911897122,0.32457054623667553,4.916646600578474,3.412164467290154,0.8899162131440482
382,1677886569.266566,9.312198531100675,-21.303563855390124,0.0,0.0,-0.9847930623700922,0.17373147184012339,3.7445935900195764,2.4768229396334505,0.6477328824583986
383,1677886569.770866,8.736031018244105,-21.033685031607998,0.0,0.0,0.9998260572239711,0.01865087922775961,3.971476620583516,2.326350479987184,0.4786694306340033
384,1677886570.1743,8.260191344914194,-20.705867852943992,0.0,0.0,0.9965531240035735,0.08295704333399434,4.881392415901544,2.326024866302589,0.3906614955774762
385,1677886570.57774,7.882658703127531,-20.602078666868355,0.0,0.0,0.9948714046339351,0.10114785337169022,5.432780434997902,1.9768953266805056,0.32747436957600545
386,1677886570.981179,7.361170882908641,-20.510337414080265,0.0,0.0,0.9944772303209102,0.10495255296204743,5.266436960546514,0.9943580183947915,0.3116809403664242
387,1677886571.384614,6.873282447331581,-20.44570810622436,0.0,0.0,0.9958235680609692,0.09129852843458278,6.392588819508838,0.7327272996599845,0.3658678068111079
388,1677886571.788054,6.447495320074122,-20.39588985645091,0.0,0.0,0.998537697201386,0.05405984894312199,7.397695936631756,0.7326507067062948,0.36455891318343703
389,1677886572.292348,5.345324857891877,-20.242697798226153,0.0,0.0,0.9989476456938023,0.04586503202669332,8.954149183617652,0.5895426768317975,0.366055628029108
390,1677886572.695787,4.832244008653293,-20.201850265140514,0.0,0.0,-0.9999993073806175,0.0011769614629291896,10.266211869259998,0.5311278763758196,0.36194522246280586
391,1677886573.099221,4.325317894946101,-20.195835587385048,0.0,0.0,-0.9971759693769492,0.075100506637051,10.852668393678826,0.4349594145818969,0.32658468361016635
392,1677886573.603521,3.7396112222522166,-20.28987019021018,0.0,0.0,-0.9868834751791735,0.16143421699961136,10.441921232379787,0.23292430535275344,0.2508331715248012
393,1677886574.107815,3.2029174410461687,-20.4235452762895,0.0,0.0,-0.9661747937823405,0.2578880917368071,9.973665376988588,0.10040155600660228,0.1961357222313818
394,1677886574.712974,2.569790167663129,-20.78476330322167,0.0,0.0,-0.9103247856447085,0.41389465403761305,11.814898961094954,0.04378467861590707,0.20301974225355698
395,1677886575.318129,1.9005452334487436,-21.27906216186783,0.0,0.0,-0.8254734681461222,0.5644409210774968,11.92707910722532,0.05622986919917139,0.182104565336742
396,1677886575.721569,1.5793877907426785,-21.71795420220155,0.0,0.0,-0.7822192993180459,0.6230031844014807,6.092964891481369,0.07643155284318937,0.08535364636608593
397,1677886576.125003,1.3808341136430167,-22.191860831882572,0.0,0.0,-0.7558972081107329,0.6546903166920979,2.733885127151671,0.07633723148603622,0.03816203286144193
398,1677886576.528442,1.3011425792785845,-22.679759033525443,0.0,0.0,-0.7466496644663773,0.6652174671130083,1.1300063884083955,0.06361561270159655,0.017814089279901944
399,1677886576.931882,1.239680392746217,-23.15881494014527,0.0,0.0,-0.739840507076758,0.6727823006652343,0.4097105578605986,0.04241474920377186,0.008067169219681269
400,1677886577.335316,1.189469566692348,-23.655739149034943,0.0,0.0,-0.7165034469663719,0.6975835508993223,0.17949182381002582,0.030296440562892712,0.005476992897014834
401,1677886577.738756,1.1690686656679221,-24.12271400116654,0.0,0.0,-0.7171270095100541,0.6969425028158109,0.1782485750490781,0.02962525069244748,0.005415317475533906
402,1677886578.142191,1.1697048409742585,-24.618306555010914,0.0,0.0,-0.7133301653650881,0.7008281352658554,0.17403918359631865,0.030779245768144392,0.005279241146885948
403,1677886578.54563,1.153176611159073,-25.118715318659515,0.0,0.0,-0.7282301929141016,0.685332609853267,0.14366781077382074,0.028479521704866784,0.004451684301486701
404,1677886578.94907,1.175201080753979,-25.622592398600254,0.0,0.0,-0.7284197993684841,0.6851310793475781,0.14778620073586768,0.027434337544150367,0.004355282514224906
405,1677886579.352504,1.2152544413948667,-26.111894831278175,0.0,0.0,-0.7001484051292102,0.7139973464901836,0.13934419867946146,0.025153690466709122,0.004145701166354586
406,1677886579.755944,1.2668376041306602,-26.58961169518573,0.0,0.0,-0.6267819544113594,0.7791947007162437,0.10823907656365384,0.023037131217733986,0.004624352744482653
407,1677886580.361098,1.4051044942198765,-27.16373425572585,0.0,0.0,-0.4660965246559674,0.8847338750740977,0.06818558040409206,0.022008485226024277,0.0068251640382649215
408,1677886580.865397,1.629754955402078,-27.73513745694044,0.0,0.0,-0.32679432467822817,0.9450954816091869,0.07904858278847104,0.02473456083328074,0.010870806961589922
409,1677886581.470551,2.0783099320812797,-28.186561972757904,0.0,0.0,-0.20763831913808894,0.9782056677537241,0.050598258090538195,0.021752731905280598,0.010704011575114282
410,1677886581.974851,2.564376500178588,-28.441221305862552,0.0,0.0,-0.12191620445178802,0.9925403967053783,0.04413791845938775,0.020188025082575223,0.009601285450082162
411,1677886582.479145,3.0866785082559587,-28.620563723912838,0.0,0.0,-0.10381086024031864,0.9945970567502023,0.04582653184912466,0.018383331048312357,0.00744825701575694
412,1677886582.983444,3.6747276220635317,-28.66044439297123,0.0,0.0,-0.058516954075815544,0.9982864148558213,0.05115733854883153,0.01839963426698432,0.006374454809408583
413,1677886583.386879,4.167919216376919,-28.664360122540756,0.0,0.0,-0.038112698002466736,0.9992734471859906,0.04553011474504842,0.016517136947868494,0.0051184079959610326
414,1677886583.790319,4.684802457099533,-28.6506320193618,0.0,0.0,0.006233710417168546,0.9999805702384597,0.04004708210999297,0.014412333191785365,0.00424233971376779
415,1677886584.193753,5.212622862324208,-28.648888287284528,0.0,0.0,-0.004037159688296709,0.9999918506376195,0.034344695603689246,0.01323680203756794,0.004073031810748264
416,1677886584.597193,5.705289666696603,-28.670256950541255,0.0,0.0,-0.004011551228964293,0.9999919536959972,0.03197830402674384,0.012727110441687728,0.0037184650614880566
417,1677886585.000627,6.225455582416148,-28.697332830439986,0.0,0.0,-0.02552105488958678,0.9996742848334765,0.031970761703142614,0.01257252532207076,0.00345042225884638
418,1677886585.404066,6.740266063644991,-28.733552908164686,0.0,0.0,-0.03051019104429839,0.9995344557554984,0.032809925492777836,0.012695422303295345,0.003295706006955237
419,1677886585.807506,7.282953101090124,-28.778979783382784,0.0,0.0,-0.028563655710312306,0.9995919755442532,0.03280335299021431,0.012486028827538576,0.003369135480701237
420,1677886586.21094,7.816679169500319,-28.81728127595613,0.0,0.0,-0.033749621546031436,0.9994303192546741,0.03376906726734319,0.011946741610586287,0.0033278245999092226
421,1677886586.61438,8.365375121990118,-28.867970459398865,0.0,0.0,-0.04332288947004238,0.999061122878859,0.03569120571572171,0.011684823088899066,0.00335179429229562
422,1677886587.017815,8.943878959603758,-28.92274175005913,0.0,0.0,-0.0414850338644891,0.9991391254301185,0.03546693303212578,0.012094532859691753,0.003530009722588959
423,1677886587.421255,9.493329819440442,-28.989771290551687,0.0,0.0,-0.04895188551958735,0.9988011378167714,0.035979766313786854,0.011106163550721249,0.003476321355060764
424,1677886587.824694,10.007581410480599,-29.055047952812615,0.0,0.0,-0.04906983850535597,0.9987953498835777,0.036320171290967096,0.011178137291040002,0.0034047097981847636
425,1677886588.228128,10.53554490936752,-29.12421137308488,0.0,0.0,-0.042993965876733,0.9990753319435879,0.03811257815411295,0.01095034529384975,0.0032428161131541036
426,1677886588.631568,11.066884309089989,-29.202086974561638,0.0,0.0,-0.05057296709280847,0.9987203687716746,0.03996298710863755,0.010625394147950828,0.003453462569911344
427,1677886589.035002,11.568285260204542,-29.25547725388819,0.0,0.0,-0.05164615431764725,0.9986654468560519,0.04037668756888024,0.011401536126072642,0.003499982650453004
428,1677886589.438442,12.106612522065486,-29.314783382708107,0.0,0.0,-0.051027503303124354,0.9986972483724232,0.04290114366636999,0.013116345344542424,0.0036081162254925033
429,1677886589.841882,12.624194515187392,-29.33137082975636,0.0,0.0,-0.06373027372201007,0.9979671598861947,0.04611708447703222,0.013740012524635858,0.0033198667319483278
430,1677886590.245315,13.140602608378677,-29.355303737872333,0.0,0.0,-0.06295380986957673,0.9980164416596077,0.05054269566252856,0.014245430370579015,0.003317520248949485
431,1677886590.648755,13.632061923901922,-29.39803124081803,0.0,0.0,-0.049397597439665764,0.9987791934993383,0.05208671183495994,0.013684440319821078,0.0029154677547141433
432,1677886591.052189,14.17895778533082,-29.443303655692933,0.0,0.0,-0.040623163359403136,0.9991745386060812,0.053830380635758956,0.012701319653956489,0.0028460037405372432
433,1677886591.455629,14.708283750457573,-29.480129173290923,0.0,0.0,-0.04328844810574687,0.9990626157857154,0.05425617394101323,0.012952057484881152,0.0030205040353472948
434,1677886591.859069,15.12547563481331,-29.518765969342528,0.0,0.0,-0.04352470824328093,0.9990523508667287,0.05255884440558134,0.011369095212558022,0.0026514524783924948
435,1677886592.262503,15.651373403578184,-29.57105419780874,0.0,0.0,-0.0454778380137217,0.9989653478722862,0.05154987857227411,0.011187400701601291,0.0031165263853437926
436,1677886592.665943,16.215926552110016,-29.63445880494308,0.0,0.0,-0.04524460810141658,0.9989759383677613,0.05213771677790646,0.01076705979187409,0.0032145722094403953
437,1677886593.069377,16.75655923858343,-29.678373557490076,0.0,0.0,-0.05380257623502202,0.9985515924530263,0.051617208627078526,0.01115982307703689,0.003269104293399675
438,1677886593.472817,17.22763785237646,-29.731987000134428,0.0,0.0,-0.07046277890374116,0.9975144093140522,0.05057033624200358,0.010889661056808109,0.0031396327107900642
439,1677886593.977117,17.724256855069108,-29.77703213288727,0.0,0.0,-0.06999539897333616,0.9975473142275325,0.05158891563257839,0.011400009748513185,0.0033824704609577085
440,1677886594.48141,18.17506129886,-29.822384135315335,0.0,0.0,-0.06888200204313175,0.9976248141433381,0.05222325513608439,0.012485957674243764,0.003416407990622049
441,1677886595.086564,18.65514343745289,-29.862629337024565,0.0,0.0,-0.07203418912009331,0.9974021634214609,0.054214129161266555,0.014342816422185933,0.003627107744049817
442,1677886596.902037,18.201923469373,-29.818716932728414,0.0,0.0,-0.0875362864175252,0.9961613315925433,0.056327161821911886,0.008517821139889747,0.003708464725724845
443,1677886597.507192,17.715715290140224,-29.77907867512462,0.0,0.0,-0.06965413324632277,0.9975712013293605,0.05760068831557419,0.006082828393232376,0.004169409054502299
444,1677886598.112346,17.166947173446616,-29.73712039448058,0.0,0.0,-0.07453465446890303,0.9972184240592435,0.06075545915695102,0.0057457474998727776,0.004446678299110341
445,1677886598.616646,16.668433137496447,-29.70492122014699,0.0,0.0,-0.08391238897553023,0.9964731361037383,0.06153512157453633,0.0069983759757406006,0.004518815494412438
446,1677886599.020079,16.248660827365875,-29.671367584544694,0.0,0.0,-0.09226284340466197,0.9957346874177312,0.06347539584413653,0.008156799655466784,0.0041265202184621015
447,1677886599.524379,15.756705928896857,-29.614385732685893,0.0,0.0,-0.08133416088847882,0.9966868887833165,0.06485233037903981,0.009572053643751133,0.004024636180315305
448,1677886599.927819,15.315128254356193,-29.55866960106204,0.0,0.0,-0.08012851160652792,0.9967845412262986,0.06352981670494273,0.010240935866022483,0.0035124628318723276
449,1677886600.331253,14.882551366916676,-29.491360934927865,0.0,0.0,-0.06310159427926265,0.9980071085916249,0.06455862203054608,0.010515710267213763,0.0030130796085022778
450,1677886600.734693,14.465338747250136,-29.44677650668846,0.0,0.0,-0.06091619658532651,0.998142884056976,0.06494605524878239,0.01076843142573125,0.0027886884748263827
451,1677886601.138128,14.049881180149253,-29.398795403118466,0.0,0.0,-0.052085232756325546,0.9986426430554222,0.06479613111685012,0.011171126873932735,0.002439756500024714
452,1677886601.541567,13.605588593781276,-29.34077889259851,0.0,0.0,-0.03746314041608853,0.9992980101602147,0.06338607191881351,0.011182086745293418,0.00237313056619206
453,1677886601.945007,13.151061703846947,-29.289721582927186,0.0,0.0,-0.034542513802169335,0.9994032293024807,0.06248833486264971,0.011091754055996716,0.0023001035297640737
454,1677886602.348441,12.728494876579969,-29.23104583197675,0.0,0.0,-0.04721847076704763,0.9988845859349424,0.06314553871968087,0.010428618297737557,0.0021711535580460507
455,1677886602.751881,12.309900224770615,-29.200612016814706,0.0,0.0,-0.05957100130594344,0.99822407093969,0.061708176741802845,0.009981165486124155,0.0020269952306673426
456,1677886603.155315,11.889677771594169,-29.175349692355702,0.0,0.0,-0.05779127839999745,0.9983286874275896,0.06236602468641195,0.009395450382726267,0.0019548396861144815
457,1677886603.558755,11.454603747417233,-29.155196596719556,0.0,0.0,-0.05638652051336141,0.9984090145348229,0.06256954619865951,0.008687015617283578,0.0018262192641106277
458,1677886604.063048,10.940579797076369,-29.141822083385005,0.0,0.0,-0.0576393567388128,0.9983374702748244,0.06257551767298253,0.008416311373366625,0.002310928094246562
459,1677886604.466488,10.481565450714752,-29.120077769706967,0.0,0.0,-0.05150799027864985,0.9986725824500513,0.06290344852043006,0.00873476105005011,0.0023857486621239768
460,1677886604.869928,10.05801422729815,-29.096042573732564,0.0,0.0,-0.037034722129944526,0.9993139793662239,0.06175329400132057,0.008680040534045474,0.002435944972570266
461,1677886605.374222,9.542660263935165,-29.04698051553298,0.0,0.0,-0.024001027151404227,0.9997119338567874,0.06076002638027944,0.009088309811886575,0.002714013979201748
462,1677886605.777662,9.126326607767071,-29.030352029544712,0.0,0.0,-0.045030515241576245,0.9989856118568866,0.06133718126824306,0.0095340445070633,0.002550855579189517
463,1677886606.181096,8.689990204027803,-29.008881009582534,0.0,0.0,-0.07042378000354398,0.9975171633661309,0.06229600540247304,0.009386735990801753,0.002320078511108166
464,1677886606.584536,8.240692986508837,-28.940868048652433,0.0,0.0,-0.07453298559883262,0.997218548793455,0.06172112553385034,0.009505615867283268,0.0021727879873881316
465,1677886607.08883,7.744620591397948,-28.862507354867418,0.0,0.0,-0.07149998545450363,0.9974406007778136,0.062458084129481506,0.010242157374136696,0.0025284980203465765
466,1677886607.59313,7.262795279222847,-28.801679459115906,0.0,0.0,-0.055347766340863476,0.9984671375468885,0.06266469051890056,0.011047287009319007,0.002775829532643879
467,1677886607.99657,6.869374112893222,-28.762145152713753,0.0,0.0,-0.04707429887632752,0.9988913906853448,0.05995472975681082,0.010991555079044701,0.002440208338914384
468,1677886608.500863,6.357217862913183,-28.70316597191829,0.0,0.0,-0.04998442453016244,0.9987499973989429,0.061235285043693466,0.011983570326037807,0.002765027381255392
469,1677886608.904303,5.939720603259578,-28.681245261579008,0.0,0.0,-0.07780641714288283,0.9969684856861764,0.06238602803052373,0.011663936052400459,0.002449630901470396
470,1677886609.307737,5.485044790773246,-28.633702647653624,0.0,0.0,-0.08540848035151663,0.9963460199569448,0.06275099753098345,0.011252898581005866,0.0023158676876752775
471,1677886609.711177,5.047173209943019,-28.560277742963926,0.0,0.0,-0.10253323557795077,0.9947295791329,0.06324122555043488,0.010365162123889604,0.002119170249516048
472,1677886610.114612,4.568563820599908,-28.476077842721185,0.0,0.0,-0.10743570442942921,0.9942120344341806,0.06230073670583636,0.010413921086637856,0.002198744205409838
473,1677886610.518052,4.143815379181235,-28.40521345760418,0.0,0.0,-0.06254562821922718,0.9980421055199336,0.0641205931292248,0.00989021765644793,0.002181334952402468
474,1677886610.921491,3.7080417656829314,-28.350954445361303,0.0,0.0,-0.05920335530685991,0.9982459430022291,0.05976590944247917,0.010148388116590468,0.002218961375575608
475,1677886611.324925,3.2659988490396574,-28.300846143584206,0.0,0.0,-0.04960211592483115,0.9987690574380944,0.05361552937679548,0.010391378668600737,0.002267225091672882
476,1677886611.930085,2.631815688240117,-28.280879137490928,0.0,0.0,-0.2331838327778202,0.9724326712585533,0.048709510825048596,0.012532751970184108,0.005345909746759352
477,1677886612.535239,2.1423121067103432,-28.12787434683502,0.0,0.0,-0.4472725671099997,0.8943977027647325,0.05093441747099625,0.016566222639539774,0.011550960192764288
478,1677886613.241252,1.69031725496956,-27.71433728197536,0.0,0.0,-0.6375138001744476,0.770438936313018,0.04886655626813052,0.02840187222466284,0.018971563883004625
479,1677886613.846412,1.4107634381543788,-27.24902803781288,0.0,0.0,-0.719263767783435,0.6947370958527959,0.04162784551981202,0.03945645266662723,0.020494900970862335
480,1677886614.451567,1.3248858380305049,-26.728213000615387,0.0,0.0,-0.7387375764899647,0.6739931699073318,0.0328000431487232,0.03806133579485049,0.015378239264098148
481,1677886614.955867,1.3471452453102468,-26.238122033685553,0.0,0.0,-0.7313904031561336,0.6819590003593387,0.026332558825046704,0.03500589404063703,0.011055981877254747
482,1677886615.56102,1.3518956356711025,-25.718363532915173,0.0,0.0,-0.7278608829164115,0.6857248246345921,0.023878330296266848,0.031266311851595674,0.008500130067280568
483,1677886616.065314,1.3727543938589504,-25.22717268793045,0.0,0.0,-0.7229347859881917,0.6909162722126375,0.022039364184092136,0.028377480665767507,0.006944814699618407
484,1677886616.468754,1.4099893752667283,-24.84946220406603,0.0,0.0,-0.7368862071404915,0.6760168028430216,0.02078002699127679,0.02410379729883516,0.005349558725929624
485,1677886617.073909,1.4301216197690076,-24.30160012769194,0.0,0.0,-0.7579144867113007,0.6523539153198559,0.020294064545497648,0.021830712417909126,0.005039539242831546
486,1677886617.578208,1.480521984544274,-23.831268778386104,0.0,0.0,-0.7685265328772054,0.6398179180546147,0.01947584974966121,0.019869811725470754,0.004734929075693397
487,1677886618.183362,1.5659695517062362,-23.264207792566072,0.0,0.0,-0.7443617067903642,0.6677766463901953,0.019984193631837677,0.018971332212913694,0.004752816070203523
488,1677886618.788522,1.6524114971724,-22.721959987857943,0.0,0.0,-0.7481418710402897,0.6635388012741489,0.019394153502779954,0.01773547726634206,0.005126727551187004
489,1677886619.393676,1.7381899254093485,-22.211048253953244,0.0,0.0,-0.8151533325912926,0.5792452368084777,0.019080197758250872,0.017909130621376335,0.004935776843925062
490,1677886619.998835,1.8858072826857113,-21.734109624637608,0.0,0.0,-0.8836812738069608,0.4680891008375511,0.019247442865031772,0.019674091916556335,0.005038283237616313
491,1677886620.60399,2.1072788844017327,-21.301028163244588,0.0,0.0,-0.952595277381558,0.3042404271466112,0.021083126594147572,0.025395702827211153,0.008061241223284837
492,1677886621.209144,2.488275198796715,-20.953835982876537,0.0,0.0,-0.9847017852345717,0.17424808221569404,0.023772994171242345,0.028778270003158468,0.009801374751286594
493,1677886621.915164,2.967725904371619,-20.656202275211168,0.0,0.0,-0.9984005202026309,0.05653672487079578,0.026166109504439206,0.03258434884929784,0.011597034288499616
494,1677886622.520317,3.4728092307432976,-20.517772770403678,0.0,0.0,-0.9993075853197961,0.0372068531633412,0.02509324193341378,0.0305975120347739,0.009632154642093362
495,1677886623.125472,3.998006921317191,-20.446178461911877,0.0,0.0,-0.9984745457195461,0.055213961550917394,0.023405768872923005,0.02650591940493996,0.008708509848147571
496,1677886623.629772,4.470304630068098,-20.44754498933066,0.0,0.0,-0.9994953420917395,0.0317657226726645,0.02252401925049341,0.02165251268377233,0.007641166720366572
497,1677886624.234926,5.03831731503438,-20.446072870138572,0.0,0.0,0.9997800523516065,0.020972527740331794,0.022139153695157177,0.019103153955768448,0.007218272069939552
498,1677886624.840085,5.5870402259172804,-20.5181455506317,0.0,0.0,0.9993263632769018,0.03669904167361225,0.02177439035735773,0.020013539642604883,0.0065322864713528595
499,1677886625.445239,6.12909611476703,-20.569112379358863,0.0,0.0,0.997506469264566,0.07057509316564431,0.020588056849206282,0.020014713320620103,0.005684795435788728
500,1677886626.050394,6.6723105553137625,-20.60731231453183,0.0,0.0,0.9990129996660193,0.04441876290828201,0.020711316050977757,0.022115137062826307,0.005946042849148507
501,1677886626.655554,7.221823215524633,-20.624113346411306,0.0,0.0,0.9996506488154631,0.026430670116813146,0.01928564616726902,0.023906829485497383,0.005802574945936635
502,1677886627.159847,7.7117203818815065,-20.693674124224867,0.0,0.0,-0.9999382534157099,0.011112576476213902,0.01908239951443136,0.02497318953970762,0.005526170278928276
503,1677886627.765007,8.266187981731457,-20.75964209882087,0.0,0.0,-0.9952115643135271,0.09774426968688402,0.020237544499124738,0.028269334464312124,0.00665558663442887
504,1677886628.370161,8.853393345208133,-20.811360414817496,0.0,0.0,-0.961938646369537,0.2732655130468221,0.03073709165809646,0.0330085300056453,0.014220816289648353
505,1677886628.975321,9.352702625397002,-20.693908969475277,0.0,0.0,-0.9019385496465503,0.43186439151830663,0.041251750607983695,0.034063434382062496,0.016836686805731294
506,1677886629.580474,9.83302057040634,-20.409639500530215,0.0,0.0,-0.8307968964335809,0.556575706329633,0.05138788730407384,0.037281156649157765,0.02179361387527883
507,1677886630.185629,10.167573201588496,-20.018180520418824,0.0,0.0,-0.7751245604193655,0.6318084486889087,0.053160462158118094,0.037151057664630116,0.020087569170650042
508,1677886630.689929,10.328338359472038,-19.578557970269454,0.0,0.0,-0.7757519887957257,0.6310379163564391,0.04828552778454309,0.03386758738378148,0.01592781618712476
509,1677886631.295082,10.447681894131787,-19.070116005286597,0.0,0.0,-0.7562099478623148,0.6543290569385369,0.03701341803028413,0.033477362384189746,0.01285771503256643
510,1677886631.900242,10.512111229892593,-18.561862139588314,0.0,0.0,-0.7585049853680212,0.6516672365339982,0.03199249331782994,0.031583265509937064,0.010346572355577701
511,1677886632.505396,10.598179043798808,-18.03249490399589,0.0,0.0,-0.7480211897604866,0.6636748448369171,0.028991013262057663,0.029268350324912262,0.00892317356876256
512,1677886633.009691,10.624248669116508,-17.53804346575297,0.0,0.0,-0.7521627808650954,0.6589773524797999,0.02730402060075221,0.027611794765334707,0.007630802020795161
513,1677886633.51399,10.6738617489995,-17.035911844499267,0.0,0.0,-0.7450857535784848,0.6669686797851765,0.027652259154947956,0.02594641976679668,0.006764652120778249
514,1677886634.119144,10.710626626756943,-16.443226814182065,0.0,0.0,-0.7412779237193007,0.6711982120107313,0.02695205126219946,0.025884390201497354,0.00614137304398532
515,1677886634.623444,10.746336089031365,-15.928658204833322,0.0,0.0,-0.740629313541186,0.6719138485873852,0.02416583295425312,0.0251848866245723,0.005350988928727092
516,1677886635.127739,10.82846319606845,-15.43316222732104,0.0,0.0,-0.7538040987106471,0.6570992168364143,0.022686502204635417,0.024132268153465475,0.005050684719218269
517,1677886635.632039,10.925713497223484,-14.89982254570422,0.0,0.0,-0.7588898142412891,0.6512190490463418,0.026293556304494814,0.02400280385006681,0.0055572895722034235
518,1677886636.237192,10.994148480461732,-14.312300009155463,0.0,0.0,-0.7444596903924855,0.6676674092545813,0.03343953106798381,0.02526401504727005,0.006652506932844569
519,1677886636.640632,10.97229682807816,-13.865184846888905,0.0,0.0,-0.7270609203838088,0.6865729517324789,0.03531908363868297,0.02675988209142588,0.00611874217252178
520,1677886637.245786,10.90063119703599,-13.292674891241461,0.0,0.0,-0.7318591228767279,0.6814559591507776,0.024691125736310937,0.027276268111734225,0.004974032558677572
521,1677886637.750086,10.879992112814717,-12.73763884292648,0.0,0.0,-0.7376096816006035,0.6752273377234191,0.014809636868477583,0.02671523664923825,0.004131237827527373
522,1677886638.35524,10.900912868327403,-12.210301886849187,0.0,0.0,-0.747396119205102,0.6643786879462292,0.012285061304751821,0.024642822279133725,0.003969683595325113
523,1677886638.85954,10.935372476665155,-11.666775294513894,0.0,0.0,-0.731997224215085,0.6813076131538607,0.012764108987852296,0.026090365732898135,0.004244490168472014
524,1677886639.363834,10.955841328641247,-11.182957802860942,0.0,0.0,-0.7430162436270151,0.6692733833840998,0.01219711134052659,0.026842170550608557,0.003927601278621205
525,1677886639.868134,10.976927478879452,-10.695397980104635,0.0,0.0,-0.7343423276266872,0.6787793057068101,0.011718844207692314,0.02797704729448469,0.0036894284383990864
526,1677886640.473287,10.994614053574054,-10.147245540064116,0.0,0.0,-0.7184017439453659,0.6956284455772758,0.011460871518849558,0.02911544182279613,0.0038001286140800137
527,1677886641.078442,10.999156382142251,-9.628139689931492,0.0,0.0,-0.7281057634257423,0.6854648038128704,0.01169677450965878,0.031267573369646584,0.0038337688309749234
528,1677886641.683602,11.0410182276666,-9.098303221237082,0.0,0.0,-0.7372473436516268,0.6756229379458782,0.013850473603113755,0.03351776869118339,0.004224397518497615
529,1677886642.288756,11.116053732282426,-8.599394789494841,0.0,0.0,-0.7482156049941233,0.6634556567271682,0.016230722774267292,0.03207554090286635,0.003948098545415611
530,1677886642.994775,11.200295023936901,-8.1296792588692,0.0,0.0,-0.7518824749372318,0.6592971590127346,0.01822468590502524,0.030464256393258893,0.0038686328089732828
531,1677886643.599929,11.298070104921388,-7.671685115201234,0.0,0.0,-0.7840906640045823,0.6206463007388775,0.018655209289434538,0.028695869181170508,0.0034630603435548612
532,1677886644.205084,11.399898694479681,-7.192912429835135,0.0,0.0,-0.8089283635191931,0.5879072228627236,0.019656775377427493,0.02591102115172106,0.0033989322428746318
533,1677886644.810243,11.529433143575126,-6.72486110670966,0.0,0.0,-0.828010209445084,0.5607130220127834,0.019897906198934834,0.022472843253126484,0.0035214836404189186
534,1677886645.516257,11.773545612119534,-6.214321575246277,0.0,0.0,-0.8151636260555521,0.5792307508721924,0.019316286381013015,0.02094291817078897,0.004264740218121187
535,1677886646.121411,11.941145063768808,-5.762684969899504,0.0,0.0,-0.7905894447376817,0.6123465765964272,0.018187795637516047,0.0186785370872542,0.004052456639953397
536,1677886646.726571,12.062490277091973,-5.300196164620109,0.0,0.0,-0.7486465219843643,0.6629693696700586,0.01753549797072651,0.0184150340376128,0.004334562036704985
537,1677886647.331725,12.154919317566222,-4.838527295466433,0.0,0.0,-0.748355235198796,0.6632981546413007,0.01862145373101498,0.016288681749202283,0.00437268063854467
538,1677886647.936885,12.24115361431878,-4.3815574630085115,0.0,0.0,-0.7626278999130099,0.6468374496535216,0.02151022537816516,0.01653404402083325,0.0047143387333835945
539,1677886648.542039,12.259548606584152,-3.8844292385408172,0.0,0.0,-0.7479983493802155,0.6637005871057168,0.024187660287367407,0.014496336384436148,0.004659647500323069
540,1677886649.147192,12.261283261996898,-3.326663618299538,0.0,0.0,-0.7239133901347892,0.6898908635310055,0.027919482085820846,0.013345712082390548,0.00478332182826647
541,1677886649.752352,12.259296584565348,-2.7797644341952665,0.0,0.0,-0.7567320333541648,0.6537251943253153,0.03392207307965123,0.01215329795073572,0.005024407549739019
542,1677886650.357507,12.300126786051568,-2.262070588957987,0.0,0.0,-0.8651262400256108,0.501554173364303,0.037076502122687316,0.014357708285294812,0.006948243432393539
543,1677886650.962667,12.490543989897896,-1.7446005575176555,0.0,0.0,-0.9621209928318389,0.2726228074689946,0.0466364326679809,0.02674859573652366,0.016528332493151283
544,1677886651.66868,12.910682806171724,-1.2134802433318144,0.0,0.0,-0.9984145209130025,0.056288937013054305,0.059934181074794424,0.039802490284657877,0.030108258540025433
545,1677886652.273834,13.52199035443774,-0.8706365755941737,0.0,0.0,0.9990500504279287,0.0435774797338384,0.07109657105192468,0.04045777144034435,0.029245931975069528
546,1677886652.778134,14.055873999978495,-0.7963430601775121,0.0,0.0,0.9973689458875608,0.07249266017422731,0.06729084226626014,0.035341178731845724,0.019696344703234777
547,1677886653.181569,14.474417363679184,-0.8249002387773449,0.0,0.0,0.9987072844296309,0.050830699652792605,0.05932618288687763,0.029526640462553266,0.01230368924524521
548,1677886653.685868,14.979780022944354,-0.852755168318698,0.0,0.0,0.9987015570898437,0.050943104207750965,0.05114611094441557,0.026670823535403287,0.008064087910168723
549,1677886654.190162,15.48883930999227,-0.8456550277340672,0.0,0.0,0.9984194126556358,0.05620210345151802,0.048332917939774234,0.025325740807336072,0.0062401051737672394
550,1677886654.593602,15.94694479463032,-0.8636850963744842,0.0,0.0,0.997554036044618,0.069899536272374,0.04995595030061395,0.023532000973102152,0.005301158859702494
551,1677886654.997042,16.380132096525752,-0.9067359888582249,0.0,0.0,0.9979748062295895,0.06361042470392314,0.05157262418015307,0.023218475151127405,0.004524105706526934
552,1677886655.400477,16.806823958458562,-0.9479504593111389,0.0,0.0,0.9983424624097464,0.057552825731183005,0.0517303995611087,0.021515741283725798,0.003758519036341835
553,1677886655.904776,17.30444761655427,-0.9810028564331493,0.0,0.0,0.9984361751941914,0.05590352460797003,0.0507538400742078,0.020263716191892933,0.0034491646261968828
554,1677886656.40907,17.786700458183425,-1.0111898911000776,0.0,0.0,0.9986850530300201,0.05126563034261717,0.04641044358339741,0.019634659975313218,0.003258882024725956
555,1677886656.91337,18.252910403507915,-1.1053130928688135,0.0,0.0,0.9982885386707593,0.058480710996018676,0.04611944903751919,0.015909670371977658,0.0029310618192594433
556,1677886657.316804,18.728634961690098,-1.1817956274176646,0.0,0.0,0.9996739172749717,0.025535448304523502,0.04467843858401466,0.013108724108987113,0.002764678509433338
557,1677886657.720244,19.162661521527824,-1.2305345416330473,0.0,0.0,0.9996961962157072,0.024647824890775934,0.04245430219032187,0.010762119547911952,0.002459283028116163
558,1677886658.123678,19.573544915742033,-1.2820748702826152,0.0,0.0,0.999321925458473,0.03681968628288584,0.038067128639283965,0.009614270217927157,0.002375309016107236
559,1677886658.527118,19.976278030621213,-1.3101316155995202,0.0,0.0,0.9983584819991365,0.05727426490475424,0.03293162177612885,0.009597119390102993,0.002207967153899343
560,1677886659.132272,20.5712132842341,-1.388040897527379,0.0,0.0,0.9966330517590967,0.08199121990402189,0.028618694467354544,0.009431868887759709,0.0027702967350918296
561,1677886659.636572,21.06581621056899,-1.4548681746899952,0.0,0.0,0.9977366740289961,0.06724231775866105,0.02607513986703225,0.009786882305661049,0.002930860869844914
562,1677886660.241726,21.66195509610904,-1.5217356884898896,0.0,0.0,0.9986393477896951,0.052148375297532815,0.02511412353800324,0.011748862261868886,0.003419150154559676
563,1677886660.846886,22.21447772270514,-1.5723312944162984,0.0,0.0,0.9994558419154879,0.03298514909778955,0.023388739834160788,0.01344966708610773,0.0035342712644550137
564,1677886661.45204,22.777998815408964,-1.6077109706368335,0.0,0.0,0.9997213388957311,0.023606027970135387,0.020525645762973,0.0146389389129431,0.0033369600692885384
565,1677886662.057195,23.254715648167362,-1.5893806922235933,0.0,0.0,0.9948138735645854,0.10171212790727076,0.019029390432592663,0.01598525481659241,0.00344665858668502
566,1677886662.763214,23.699301535998764,-1.51645170401412,0.0,0.0,0.9932741747594941,0.11578606891956367,0.028546903323103834,0.01776424470178828,0.009008774003896394
567,1677886663.771808,24.17691193143677,-1.5451193978901532,0.0,0.0,-0.9682347480275861,0.2500429417359283,0.02554406599711001,0.02029058545790452,0.008504854480274767
568,1677886664.578681,24.648721487347398,-1.1861341540015042,0.0,0.0,-0.7619809429445366,0.6475994461002534,0.02936665142124184,0.028585136972614222,0.01722217696938708
569,1677886665.183836,24.813644708278673,-0.6755982273653786,0.0,0.0,-0.656847021219837,0.7540238661439219,0.02612706250829433,0.02766995323951904,0.013709515404127846
570,1677886665.788996,24.688472320569733,-0.23748359432019667,0.0,0.0,-0.6675055352940726,0.744604835031155,0.022708881931748692,0.023023799378093263,0.010658877207818086
571,1677886666.39415,24.64588886119427,0.1985810155396745,0.0,0.0,-0.6799535863229835,0.7332551537128893,0.02207020113382896,0.021657613264138932,0.008353182110053373
572,1677886666.999309,24.588240292989052,0.6755224611510151,0.0,0.0,-0.6960254051951104,0.7180171553124496,0.02066220934204921,0.020753834366534607,0.006522952318235518
573,1677886667.604464,24.467764455340205,1.1227758758672635,0.0,0.0,-0.7430289416207788,0.6692592860124582,0.01990633400112074,0.025397899936697943,0.008491333714486668
574,1677886668.209618,24.44779508626134,1.5911044348625745,0.0,0.0,-0.7470232988612686,0.6647978572155808,0.018606808740969427,0.023717074378414527,0.007207841269823126
575,1677886668.915637,24.441357860577302,2.0481443981794416,0.0,0.0,-0.7380224825619655,0.674776122305075,0.019002817866066835,0.02234263324269392,0.006349751758829489
