,stamp,x,y,theta,var_x,var_y,var_theta
0,1677886399.141148,52.58926562615596,-3.386509168840481,3.108767785197541,0.2470653039554236,0.2460027313116182,0.06848905809145868
1,1677886399.541182,52.31963650038273,-3.392010444916688,3.06545275333421,0.23541943165446355,0.15642749519745536,0.05374245275132011
2,1677886400.091234,51.8175939028238,-3.3805367514143163,3.0303160874493127,0.1898070945408108,0.06668095801356522,0.0312592398763034
3,1677886400.541289,51.37323380349753,-3.343940485658721,3.0495126038160643,0.17354730827855747,0.03060286020415859,0.018565783344810433
4,1677886400.941353,50.91432645001469,-3.2860010799115176,3.0495390011224894,0.1730358538488872,0.015777876170263383,0.012073976122973768
5,1677886401.341356,50.44504397936244,-3.2699280046828414,3.0561023525026028,0.17605860219055103,0.010249266090852416,0.008513642296354977
6,1677886401.741405,49.92300406209413,-3.252768395658508,3.0572783728711395,0.1664509353613539,0.008954403369022756,0.006326258763449267
7,1677886402.141454,49.38766450758662,-3.232266249277836,3.042514793323385,0.1595605776337834,0.008641578915593584,0.004628657078128675
8,1677886402.541487,48.87555304865659,-3.2048366073555226,3.025603197004982,0.15039275433173316,0.008592468278187937,0.0035289352851454805
9,1677886402.841524,48.48426252400246,-3.191267658137358,3.0522232630616055,0.14838474501539167,0.008208201557168948,0.002763019111235194
10,1677886403.191551,48.037402676578175,-3.18324990360997,3.0871636072292032,0.15915498504591596,0.007674490403916323,0.0028572548825848126
11,1677886403.491588,47.6114711618562,-3.1550419783606043,3.065088608996911,0.15120050260202333,0.007482752506147605,0.0025405301874179363
12,1677886403.841608,47.16013357270251,-3.110409911464388,3.03634252291506,0.12288795022686827,0.007297705376464236,0.002345022163322433
13,1677886404.241649,46.634668134423116,-3.0540281091394657,2.978395343090087,0.12326376904547942,0.006852444620943032,0.0020779352083932804
14,1677886404.64169,46.111951905760115,-2.9744227272080392,2.9438235854168506,0.12505777965861853,0.006726453529616094,0.0021103985907998985
15,1677886405.041716,45.616158624315595,-2.9310095746555302,3.006794120107951,0.1106723680104551,0.006548235243492684,0.0022261842633622014
16,1677886405.441742,45.11900452516987,-2.8972555012010464,3.0312806664188154,0.08820361614448302,0.006165408079437995,0.0021818017968553783
17,1677886405.841806,44.59836335596669,-2.8627725934781325,2.996194129776964,0.07216531373205726,0.006422774295471001,0.0024561484454076825
18,1677886406.241832,44.102360106174096,-2.8304407730365546,2.9919867365211985,0.05961857574197893,0.006917244122526256,0.0024170365284313785
19,1677886406.641881,43.619276743973934,-2.799319629544194,3.0165975188510514,0.04032328175344446,0.007831316777632047,0.00259717913588678
20,1677886407.041922,43.13954874673057,-2.773063034433889,2.9855644991976407,0.03844793313055561,0.009523801261269504,0.0025469450373468865
21,1677886407.441948,42.69879791446419,-2.721363588705717,2.9545076943687634,0.02980193087137195,0.010430747821722264,0.0023287838609276222
22,1677886407.841997,42.27310010310031,-2.645624493906769,2.900501278787698,0.019930055363147403,0.012604865362217055,0.0023008186284638457
23,1677886408.292051,41.84744618261419,-2.443609620845851,2.7244023482075823,0.011832002758865201,0.012689187161400106,0.0025738090617941777
24,1677886408.842088,41.39248266484429,-2.0476188603204917,2.3819275565619797,0.011751378850476613,0.013612608119696112,0.0036928822316916964
25,1677886409.342119,41.054951024580745,-1.590825078454475,2.1891525269189995,0.009482833306037719,0.013755532022969863,0.0036695095008420597
26,1677886409.792181,40.81496207433947,-1.1189568791410764,2.0776040097294475,0.009100085180079986,0.015860374866197624,0.003715063037476091
27,1677886410.192207,40.673746192009126,-0.6813507729147509,1.9302277710697398,0.008936150369891038,0.01593546048411465,0.003977644490300008
28,1677886410.592226,40.57992828818146,-0.1928469170241204,1.8128143485174701,0.008814799065930856,0.017500400280184424,0.004514570419395754
29,1677886410.992274,40.55668171315588,0.27829597007456364,1.6852517486272922,0.008927215638777852,0.0183575300133558,0.004078041936561271
30,1677886411.392293,40.5609824265517,0.7691677564669186,1.63697900876154,0.010140360187506303,0.0176568272541745,0.00429358822678504
31,1677886411.792341,40.58392512727427,1.2628981452848838,1.6255637570443098,0.010066643248819673,0.016349429350642986,0.003905874941815391
32,1677886412.192382,40.571584901328634,1.7483524423508106,1.6566390659074473,0.011825515202190218,0.013344789519176281,0.0034769822554492264
33,1677886412.592409,40.56667270986827,2.25021165993158,1.6758239451179129,0.009812005476305785,0.012615750813745663,0.001945218028871393
34,1677886412.992465,40.53557013099961,2.7410511286374724,1.6950898391569642,0.007836054948029414,0.012245136677002222,0.0015560930778490965
35,1677886413.492518,40.49519730704917,3.382025808671809,1.706294246063673,0.008030878458157531,0.012266026305875144,0.0026177750151745514
36,1677886413.892567,40.45760856262942,3.8756398040324886,1.7033140890848455,0.007306873600100516,0.01123310173941583,0.0024195657830059034
37,1677886414.292593,40.44281790551866,4.355849407927677,1.6073445092631544,0.007022528330480782,0.009951578410575479,0.0024280908380461203
38,1677886414.692642,40.45281587858552,4.831177032835362,1.506534510506045,0.008664022494031087,0.011481863425057526,0.0025201125837951625
39,1677886415.092691,40.506400678994275,5.300438602818148,1.4145914904103822,0.009667486695207117,0.011692111533101013,0.002199105781963316
40,1677886415.49277,40.60442894089313,5.774597629714163,1.276923264121829,0.01023733403303595,0.010475805121096471,0.002161657432924561
41,1677886415.89275,40.798004838751226,6.228048526987342,1.0638273921679258,0.010127298912038896,0.008908379166044256,0.0022917834351707934
42,1677886416.292798,41.033304165579054,6.645063069182191,0.9352099030258975,0.010204626639279013,0.007731719494927347,0.00210423185345161
43,1677886416.79286,41.42438231903291,7.1061816920279535,0.8125129552571074,0.009880582683990724,0.006334391294387842,0.003371864423794019
44,1677886417.292905,41.88633588358481,7.457942699981899,0.63818393858945,0.010983207974504694,0.0075010206449590555,0.0032965972480043944
45,1677886417.692954,42.315035228290284,7.664652360756394,0.4696528033763949,0.00867792604594797,0.007092505136235161,0.0027443747662476902
46,1677886418.092973,42.76133667378823,7.8167308377411056,0.3447781322771577,0.008291468294828519,0.005547487556867736,0.002757717437413446
47,1677886418.493037,43.24604217009708,7.903016572877838,0.24569305547428555,0.009366125563246896,0.00620706458368403,0.0029032237093617936
48,1677886418.893055,43.75112995263495,7.957285570371169,0.24095438092971277,0.008275903746152835,0.006689400283939051,0.0027777563999849364
49,1677886419.243083,44.21243928188327,7.996452863742691,0.24233349537985222,0.008122740997123401,0.006482769750512318,0.002586078883123564
50,1677886419.643131,44.72808050830787,8.02411347554723,0.20043894483115962,0.009122287090804093,0.007851932903562897,0.0029254493820845564
51,1677886419.993174,45.18253225502844,8.046817377440235,0.19075984459930734,0.0094648616025097,0.007747120715634992,0.00275911941257087
52,1677886420.343209,45.66395829729317,8.032461188978804,0.09379476660588941,0.010635393254688097,0.007331279666829005,0.0029253271457622553
53,1677886420.743235,46.20154299352261,8.019146812269833,0.06408011884907623,0.009720516477045749,0.007650980944077901,0.0027687573075974793
54,1677886421.143276,46.709972132873055,7.996332030624359,0.022164097547089548,0.010195007300808356,0.008998607544086212,0.0030782485377758486
55,1677886421.543302,47.22732430456138,7.957038980727581,-0.028378093274301398,0.010010704873366194,0.007649155329481516,0.003064105064631941
56,1677886421.943351,47.73116094865062,7.948809287389185,0.012477714586775405,0.009996395974667394,0.007754732583421742,0.003261014501216866
57,1677886422.3434,48.26259635614893,7.896480807954196,-0.05105165039845104,0.00887146524109994,0.008569826025642158,0.0027059888405603443
58,1677886422.693641,48.712732132368636,7.828896920748594,-0.10166776118601625,0.008572634265874512,0.007689840232984579,0.0024264702045795694
59,1677886423.093468,49.2346903336323,7.764550223311082,-0.1640366823958227,0.008943000317231053,0.0073007161737237425,0.002207020443876665
60,1677886423.493525,49.74088399160285,7.736934316531385,-0.14216647209271502,0.00998083243621295,0.00875293539624522,0.002348253670627085
61,1677886423.893543,50.26479788282495,7.723009073424114,-0.12934957574845357,0.010865125169402745,0.01044389718011729,0.0021904518729344864
62,1677886424.293592,50.745561319223405,7.68937428898943,-0.16022150002603053,0.01020580815975336,0.009675268784107516,0.002080987364272174
63,1677886424.693602,51.222703090714816,7.656035237946207,-0.17399553426463982,0.009065767271295044,0.010360826121214473,0.002190965802566736
64,1677886425.093651,51.687085294247986,7.586040012956723,-0.24399768283638942,0.008637029724468448,0.008075777855012234,0.0018428559368112512
65,1677886425.493677,52.116951705860615,7.491241351432982,-0.2835089102082233,0.007948085820771666,0.00691340874720936,0.0018374012822220853
66,1677886425.943725,52.546445963634866,7.328032153171751,-0.37030935455689423,0.008399673425174115,0.006619842851073088,0.0026133630490681836
67,1677886426.493791,52.99072003164986,6.969447441148914,-0.6378664307290004,0.007962526372466527,0.008973820942024702,0.004445286526356675
68,1677886427.043821,53.29685996368182,6.486480542339378,-0.9553737876636933,0.006983502642924577,0.0127387698267043,0.006171295022982554
69,1677886427.493913,53.45206629762005,6.034495871981784,-1.1969857195935805,0.006705956342557329,0.014579654993447377,0.006330119548602499
70,1677886427.893924,53.56197006608986,5.6170714750796344,-1.229471789129032,0.007092175205343665,0.014846924745327783,0.0045206215324406435
71,1677886428.293981,53.64800041158868,5.149039933127354,-1.2799614598726141,0.00861451510581901,0.01632542922765623,0.004505388737047549
72,1677886428.694022,53.67771346557094,4.687814503747376,-1.374072799824773,0.008703082572537824,0.016339751088050747,0.00440749157252409
73,1677886429.094071,53.67567368434727,4.190747511758366,-1.4866448277593145,0.008957028516306309,0.016240359992359288,0.005014800047759985
74,1677886429.494119,53.631185208313305,3.6956685361426196,-1.5764708994183065,0.009449488472455414,0.016252454584103404,0.003500850056362142
75,1677886429.894153,53.573261749089106,3.2039193084509074,-1.5933211016368434,0.008235886348757049,0.018068304823419368,0.0027082837030544325
76,1677886430.294179,53.52768892418431,2.6969420671950717,-1.6092468417115922,0.007294833037121862,0.017066006162909098,0.0022584619011295558
77,1677886430.694243,53.48998718083889,2.201693318556782,-1.6117799972644014,0.007842517704375496,0.01683940878947965,0.0023978688001010324
78,1677886431.094269,53.46478286022807,1.7191309249372402,-1.5531430104058759,0.007725017044322158,0.015072755666064364,0.0019415648322068314
79,1677886431.494363,53.44174257263695,1.2349289677634245,-1.5525685301551346,0.008791253322669945,0.01378942745111833,0.00186774842800386
80,1677886431.894374,53.43442091787256,0.7643587587829416,-1.5701658414380772,0.008993361695047497,0.01369381806672243,0.002010296727310316
81,1677886432.294385,53.39610996112731,0.2798247490630693,-1.6210570528650148,0.008697773953826982,0.012365905610691827,0.002193983761075282
82,1677886432.694426,53.381105244503146,-0.1879113312180484,-1.6397195986930657,0.008887343642527412,0.012066924310409809,0.002237691999110181
83,1677886433.094475,53.311394878736735,-0.6597886259570529,-1.7699525686349264,0.007847793686323712,0.00792834808210785,0.0019376999036799481
84,1677886433.494531,53.24828041911264,-1.1046146448445386,-1.835791638343676,0.007494026714539359,0.007020661276828433,0.002115144146682904
85,1677886433.89455,53.15105181781425,-1.5472869625726346,-1.9488918491049483,0.0075373498893895885,0.005188892808179357,0.002096891559159469
86,1677886434.344589,52.96439340595318,-1.9991883947667697,-2.0422263385438173,0.008430855566530226,0.004533731921239514,0.002353740306620916
87,1677886434.844642,52.658340232523564,-2.42037345877022,-2.233524909729241,0.009496479638073652,0.005760240142026696,0.002743047356080889
88,1677886435.394672,52.19714900958001,-2.7813854778170586,-2.459876387447682,0.010342405310439062,0.005798315418572564,0.0033153468140026997
89,1677886435.894733,51.732139322338405,-3.002320250119784,-2.650424702176911,0.011597968339174258,0.006021572902213279,0.003922709600416421
90,1677886436.294782,51.294009749978315,-3.104360858006541,-2.836570902581282,0.012191211874778674,0.005755126145409406,0.0034166366275891397
91,1677886436.694822,50.85007332947998,-3.1582069668722865,-2.9867538496846797,0.010741767225226795,0.005804480127929779,0.002814791713807421
92,1677886437.094871,50.38815211044618,-3.170273534634062,-3.06969553207107,0.009317577414094558,0.005959332479573476,0.0022414400623147765
93,1677886437.494897,49.90483403521802,-3.1510069539298318,-3.1349642985125312,0.008793430197329144,0.005779656754588913,0.0020154373205034048
94,1677886437.894946,49.410630140687815,-3.1381693038298777,3.097284751497733,0.009691731213933963,0.007097455487301119,0.00224511481967651
95,1677886438.244966,48.944645864018106,-3.1203367444579904,3.0812882315308734,0.009993975107136066,0.007664704930919086,0.002427433326217496
96,1677886438.644992,48.41955561884744,-3.132932916008599,3.1011527128626337,0.008609894937762874,0.0071978991814933835,0.002323761882932105
97,1677886438.995019,47.960808915231524,-3.1274915075463876,3.0828183890372056,0.007622753354098677,0.007863901078954072,0.0024038514542228267
98,1677886439.395053,47.42593383468802,-3.0924046218672845,3.0271575779051076,0.007978663032190525,0.008108093801753924,0.002331865288344879
99,1677886439.795102,46.90829521552659,-3.0782577138479903,2.996669669462337,0.007954905133374268,0.008431962513995472,0.002572128340782505
100,1677886440.145144,46.44008463548991,-3.042474616029224,2.935532066640282,0.008130861119752808,0.0067110180109466455,0.0024068291714448996
101,1677886440.545178,45.91928079281659,-3.0082720327931893,2.946936742125281,0.00788909983702979,0.006141685490099746,0.0032093619752176254
102,1677886440.945212,45.394841290786836,-2.9767871104731234,2.9798445306709556,0.008274945047560323,0.005807558035300531,0.002781702959146136
103,1677886441.295254,44.93242969097996,-2.945950038889683,2.9577227600936635,0.009040041122943876,0.006009135811369859,0.002617182092695298
104,1677886441.695326,44.39699875250594,-2.940506295696716,3.003674423871337,0.010049137372106998,0.006888975913406981,0.0031202635494561896
105,1677886442.095352,43.86256833780453,-2.9559065376244433,3.13005706067462,0.011015269493555024,0.008453755348897474,0.0032131843671402574
106,1677886442.495393,43.339963313408596,-2.973868264496791,-3.098366740359835,0.009404228957691885,0.009519881753785597,0.0031851721027367254
107,1677886442.895434,42.8090372886618,-2.9813842762367995,-3.075020400665982,0.008897045318462915,0.010784035370420497,0.0030946750964727086
108,1677886443.295491,42.27549960706234,-2.974383910049547,-3.139123870426481,0.008821152922791953,0.010256108408988496,0.0031577274674217688
109,1677886443.695531,41.76056162943807,-2.9579710044511196,3.0863216158835445,0.008173355395456383,0.01163204326829792,0.0026925642088678533
110,1677886444.095581,41.27581380270702,-2.9488398296806424,-3.11316403711619,0.007589153655089831,0.0114339065313942,0.002691266157093782
111,1677886444.495614,40.77940233639441,-2.9550064215388625,-3.1249132091379734,0.007003622770525908,0.008966438661254017,0.002225840228456455
112,1677886444.895663,40.26615990095048,-2.956332030235793,3.1277220759026365,0.00778241531634194,0.009641713391809859,0.001992277219198589
113,1677886445.295681,39.755018437175146,-2.9627006954309034,-3.133237974922156,0.006779555408002125,0.00918538824821269,0.0023656539982223643
114,1677886445.695745,39.22507994937913,-2.940652144360601,-3.1314081780813936,0.007135023454338807,0.00945621520284412,0.0024361039151440562
115,1677886446.045795,38.75656482815177,-2.9124349355763535,3.1369558943299856,0.007412399873373943,0.010664874564891846,0.0026032814908647037
116,1677886446.445814,38.23555470573776,-2.861592187875714,3.052161398583391,0.007549123129365398,0.009362493392712778,0.0027771021601734006
117,1677886446.795849,37.763257496305684,-2.804280372942015,3.0505037396113788,0.005789921896848682,0.009369614938299797,0.0026893424566632605
118,1677886447.19589,37.24237000666123,-2.780860663966254,3.082772420077827,0.006218333025572065,0.010670254118862132,0.002630130303925566
119,1677886447.595939,36.70315557338358,-2.7681162004608337,3.0709955447936808,0.007591295316387914,0.00945952697767627,0.0028800738363638292
120,1677886447.945966,36.23687808258236,-2.7568633630375055,3.078152136069962,0.008937887633464925,0.007896258777931209,0.002673589142682428
121,1677886448.346015,35.718067317652,-2.7414956381358566,3.0444580864578374,0.010273931835627081,0.006610719224524608,0.0027115401879305875
122,1677886448.696042,35.25855166887883,-2.7110930291272743,3.0319921080541077,0.009494214605865636,0.0060995368159932895,0.0025752144451386
123,1677886449.096076,34.74503221481719,-2.6698058848558155,3.025340293018028,0.00961295709089427,0.00538022543278327,0.0024595378520412404
124,1677886449.496117,34.244556272245575,-2.6379686616432525,3.035344209694987,0.008811898919475425,0.006757701977714525,0.0023042794267541986
125,1677886449.896158,33.75817433181591,-2.595426360014861,3.056725677319165,0.007235853896872868,0.007801151837168341,0.002070430687772181
126,1677886450.296207,33.275858848976796,-2.601325531554765,3.1044178745762974,0.007126737194084853,0.007529864429189459,0.0019878983587365354
127,1677886450.696256,32.77618002721785,-2.5624113284975225,3.0508489878392493,0.007469264932751685,0.00872084044979271,0.0023451260015759437
128,1677886451.096282,32.27817583496058,-2.5299527684847463,3.0784065408516326,0.007478015249489545,0.008493173695939937,0.0019968682550538875
129,1677886451.496331,31.763425094339272,-2.499027909662896,3.0559098291134257,0.007554969602665551,0.006736608980284053,0.002155988241304028
130,1677886451.896319,31.234862799126393,-2.450937339611698,3.0727583311484232,0.008049362880228728,0.0068592359321701935,0.0024335832894198566
131,1677886452.296375,30.722732943043656,-2.4250830648039763,3.0901945838820137,0.008021298625180862,0.006384133068539022,0.00231630930489831
132,1677886452.646418,30.256293933519125,-2.3970673692955784,3.0876663037060696,0.009309166098773858,0.007044230867919943,0.0021760447132997004
133,1677886453.046466,29.74929913196676,-2.3623389628515796,3.0388012996225826,0.00940236107282999,0.007174902829266472,0.002379902350940598
134,1677886453.446485,29.248893483298314,-2.333599357031262,3.058595409060513,0.008618206812684548,0.007684470416894129,0.002716363010308888
135,1677886453.846541,28.748391226997708,-2.293758544098298,3.0771395168862252,0.009309580747867585,0.009709222295603226,0.0029693819391172706
136,1677886454.24656,28.2529347522539,-2.264592913459848,3.0712664981282365,0.00846733441892411,0.011213647814737548,0.0028018851058261365
137,1677886454.646609,27.75417584900963,-2.205713874203733,3.0350887201516925,0.00788021266873784,0.013310154903089177,0.002960375483170148
138,1677886455.046695,27.27195158256129,-2.14366254660797,3.0470845674461606,0.009114429788837697,0.012502721132897854,0.002541123273828968
139,1677886455.446714,26.771868485952613,-2.1114619236338803,3.0790052281340667,0.007898213652424602,0.011649849373490007,0.0020033314949491295
140,1677886455.846739,26.280602812937722,-2.0431229716118087,3.0581437566742817,0.008486731000857617,0.008826210775918497,0.0019231421771988787
141,1677886456.246811,25.789766730248132,-1.9764019539573947,3.035539044738904,0.009030503498138387,0.008670779743674029,0.0018501711649623089
142,1677886456.64683,25.276282815323185,-1.9050808081509465,3.040992258060778,0.009098172869812515,0.00982195490220139,0.0017825547572195958
143,1677886457.046901,24.778347955058393,-1.8448516452879977,3.0905591253276445,0.008848818965134342,0.00826167012546053,0.0017648661518578099
144,1677886457.446919,24.26666027529953,-1.786982554429261,3.074068232376044,0.009257921604898911,0.009899377714107427,0.0023438865156560616
145,1677886457.846983,23.75141188932187,-1.7233121787462389,3.00344131900357,0.008420077933010361,0.009937746058173325,0.0024726260353913686
146,1677886458.247025,23.25498721140888,-1.6601716058917946,3.001387862928573,0.008913751656450586,0.01006298187944532,0.002240546152860037
147,1677886458.647051,22.747619926339976,-1.6090330240255422,2.9874022027614107,0.008529736086984485,0.010044270550101597,0.0021420939679400786
148,1677886459.047122,22.25375104063412,-1.5671055482880418,3.0105175059702463,0.008611869494302482,0.009709839688219368,0.002281590054715575
149,1677886459.447133,21.756198432841018,-1.536745529768014,3.036420199262436,0.008943141209613259,0.009280962502573153,0.002260565954839395
150,1677886459.847174,21.257178310477634,-1.519037794222634,3.061309438137178,0.00736216116564492,0.0078091074962558515,0.0021494274005245113
151,1677886460.247223,20.75677108205898,-1.503381743225721,3.0824546499519125,0.007783250903685257,0.00831636345673692,0.002302348362807751
152,1677886460.647249,20.240060000399122,-1.4708014184183706,3.0854276888433585,0.0067627389093445345,0.007355098950541983,0.0024229115022843064
153,1677886461.047313,19.739099637760255,-1.4366553097636845,3.0950440649948385,0.006876757995996741,0.006197358667648256,0.002191216976573138
154,1677886461.447339,19.231207564617034,-1.3800488548165737,3.0826218406104995,0.006296683880407272,0.005622329602404941,0.0026520818906403
155,1677886461.847387,18.731876530635542,-1.3176290033766116,3.050959807103039,0.006587404001209052,0.007059219755062962,0.002398977328427195
156,1677886462.197407,18.299427076897835,-1.244404337467985,3.043982028984648,0.005229524170090372,0.0063033200550290935,0.0019916972576361994
157,1677886462.597441,17.776252126417766,-1.1789177998574705,3.053580495603834,0.004497943037165442,0.005840494559667064,0.001980227395617492
158,1677886462.99749,17.272664746182034,-1.1379123053303668,3.1023977217021175,0.004518644772588232,0.006146023585718252,0.002333843511584972
159,1677886463.397531,16.747558613260935,-1.0733752046837826,3.0869604279255003,0.004549644572193756,0.006327803076962901,0.002251064942467894
160,1677886463.79758,16.237324168987612,-1.0371059617320322,3.1119319203820783,0.005045330312270835,0.006754785557458565,0.002597253500062044
161,1677886464.197606,15.728856363196787,-0.9988904237454107,3.083136180801942,0.0052269516800151905,0.005640599487184761,0.0020591823546439038
162,1677886464.597647,15.208409514483792,-0.9707582427107287,3.0523009839358672,0.004930712612605248,0.005851758299508902,0.0018233623777855724
163,1677886464.997673,14.713338510071756,-0.9477737915547966,3.0609002296013452,0.005051024207318733,0.005586199728815355,0.002029850314132797
164,1677886465.397691,14.196864607106864,-0.9131617744986791,3.0416718165865757,0.0051588883378883565,0.006378271204145802,0.0022050640856485903
165,1677886465.797755,13.718386149467488,-0.8434797046102492,3.024320203453971,0.005168255695764401,0.006079358974325766,0.002356489118716974
166,1677886466.197789,13.271605094905933,-0.7246365003762082,2.9771872415189624,0.00814774201373325,0.005453406489895896,0.0028364956648875748
167,1677886466.597838,12.822651381093303,-0.5657722493394782,2.9660832777846053,0.0087093253961541,0.005682631200952526,0.003145454679092624
168,1677886466.997871,12.368676000420631,-0.43517006769390376,2.9761008255284063,0.008760907851808497,0.006642355485417528,0.0025967066169668286
169,1677886467.397935,11.890454653058297,-0.3200619242904992,3.0026540344518478,0.009535726637295738,0.005482052314814426,0.0022012272452000734
170,1677886467.797954,11.41047788820195,-0.23360311952559507,3.012916108245905,0.010432878827174363,0.005075386963658689,0.0020918840922286366
171,1677886468.197987,10.892506806317964,-0.1537885016888595,2.989925812014845,0.009802550483072991,0.005136304197240302,0.002370803632079584
172,1677886468.598059,10.37642242959186,-0.12660732828271204,3.0410183918638256,0.009883697424953652,0.005388278780195856,0.0023405736824636493
173,1677886468.998085,9.85271538919528,-0.1160325347370121,3.0784268216167847,0.010543773855530958,0.006484571943777948,0.0026598442475155525
174,1677886469.348142,9.383227110053143,-0.11702360356095415,-3.1211351357912203,0.010344872837947605,0.006021007663512462,0.0024517178990885033
175,1677886469.748184,8.842615903029985,-0.12046187926519396,-3.1070779025392676,0.010393119730977673,0.006594651679282207,0.0025180133366456995
176,1677886470.098242,8.36894257956418,-0.12763028619002872,-3.1182389644721766,0.01099362432969997,0.006487957595100426,0.0023482475921727383
177,1677886470.448261,7.9095286986514575,-0.12709246851309805,-3.139882441255222,0.011354301108895015,0.007235220230274467,0.0022677720066981272
178,1677886470.798327,7.444317443508683,-0.13951724200868973,3.1335880040688693,0.008534695312889085,0.007863138839760076,0.001894549498873736
179,1677886471.198398,6.921199191405332,-0.14778520110823481,3.1171401057799533,0.008468578357891943,0.008100877668489347,0.0019973620976600054
180,1677886471.598402,6.398037979742896,-0.1645643310822469,3.1288338800568156,0.008682498317959642,0.007220246616229803,0.0021399031781925617
181,1677886471.948429,5.931599063189127,-0.15218492421052915,3.1166998779518362,0.008512537252876484,0.00657030765434196,0.002757763471337702
182,1677886472.348463,5.399376391187006,-0.1361298232654195,3.1377563509555,0.008324532943255747,0.006542239337017107,0.002434917819751347
183,1677886472.748504,4.878513598528664,-0.1520984130024403,-3.1127896661056624,0.008903693653174116,0.005638089144845388,0.0020651004380425842
184,1677886473.148545,4.345455935115681,-0.16509279214525147,-3.075810995159832,0.009017365334493377,0.005822307374813308,0.0023010228601703913
185,1677886473.548579,3.8224476753993573,-0.17782581628889982,-3.121702306781428,0.009248025210458977,0.004516515003017432,0.002541793572313285
186,1677886473.898629,3.3444350121410475,-0.17503656528426093,3.111385909570414,0.007910714180308531,0.005586751310144442,0.00257287473849374
187,1677886474.298655,2.8292020544190706,-0.1921206024146472,3.129721359142261,0.006723673556097154,0.006714274971827215,0.002489742916224273
188,1677886474.698704,2.314874485969658,-0.18491810911414175,3.119982965071213,0.0046084204200909085,0.007573963927635187,0.0019657462227157248
189,1677886475.098753,1.7928564869501264,-0.19118606458843102,3.12935377568854,0.004960181051051116,0.006631326290423775,0.002091948617687219
190,1677886475.498779,1.286101828780858,-0.1969592194944982,3.106860405416079,0.004581576434734114,0.006527230318401599,0.002167560775361179
191,1677886475.798808,0.8833246251883592,-0.18583713436234836,3.0980502345609295,0.004658081008517945,0.006514405620360819,0.002112734150039158
192,1677886476.148904,0.4131291423146829,-0.15205728934101065,3.0732425043817497,0.0046815750587344,0.007934486945626883,0.002016337942278262
193,1677886476.598905,-0.16250977834012234,-0.10332371910471243,3.0516738864689947,0.005005749589899605,0.008544041899376957,0.002622587142165298
194,1677886476.998924,-0.6731445189417125,-0.046659930224227854,3.038605213174624,0.004460795304451759,0.009212423089423306,0.0026050175328284136
195,1677886477.398972,-1.179843497579863,0.0008330985797449641,3.015885097486924,0.004785205969317641,0.009613527550303579,0.0030001183412936695
196,1677886477.799059,-1.6659147349709107,0.05979750044739708,2.987966991714088,0.004552697465016742,0.011405114334256722,0.00329468823602084
197,1677886478.199031,-2.1385002519378604,0.14695435461073264,2.9529891632314267,0.0049211071257841965,0.01410208049302665,0.002952799016074673
198,1677886478.59908,-2.5864124787482603,0.2673595746683211,2.922458339874425,0.004900479245375955,0.013916069579554102,0.0027006782078180156
199,1677886479.04912,-3.050187469306476,0.5133496234399236,2.76432649448721,0.006314521498001824,0.013801667106499715,0.003771424247564882
200,1677886479.59918,-3.5229991996515704,0.9069038141040802,2.4917901703417087,0.008117654065850743,0.015914967140991054,0.005092416213672799
201,1677886480.099233,-3.812424696084625,1.3903597408797554,2.1966136194295416,0.009470148631415043,0.021883989996697828,0.006856330098103615
202,1677886480.499267,-3.944137146458837,1.8221994538740838,2.014727048085385,0.009457729323321118,0.024600705891356434,0.006838135672117859
203,1677886480.899308,-4.026162831378926,2.3084682178200886,1.8702411551171703,0.011166065409039305,0.026794327192850353,0.006898120111899058
204,1677886481.299349,-4.063938589434196,2.8015204794421904,1.7493728676934754,0.013045140954933032,0.028188393346373353,0.006588389553384983
205,1677886481.69939,-4.089797373458288,3.3177972882631575,1.6925915904915925,0.01241157115652669,0.02793241723172102,0.00507467592450334
206,1677886482.099454,-4.073369009872728,3.8514888928042614,1.6426376303001247,0.013363819836651913,0.026956115154396443,0.004196615534640302
207,1677886482.499488,-4.048049604235104,4.355604778537816,1.6043119951453992,0.0122986678626269,0.026081023341138376,0.0033866779337192146
208,1677886482.899551,-3.999659235032402,4.876496118126068,1.5515189835786283,0.011320748456260077,0.02634941704078031,0.003034426089174936
209,1677886483.299593,-3.9278367988176104,5.413411758139592,1.5049698641378095,0.010776659751456918,0.023762124763479164,0.0033521117672163413
210,1677886483.649628,-3.8922432157251157,5.889155588074373,1.5164287073919307,0.010378550286597843,0.020574757072516547,0.0029773750525175354
211,1677886484.049684,-3.856640519294489,6.419710277332467,1.5172159355025827,0.010249792033057759,0.021344258190126197,0.002908909581424181
212,1677886484.449718,-3.848570551976115,6.939374353498376,1.5449781970189054,0.010070443400129747,0.02128778240803797,0.00256926600389958
213,1677886484.849759,-3.837011181964101,7.462731633977893,1.5536368380214776,0.010429942835473938,0.0203411283580337,0.0025867824392853352
214,1677886485.249808,-3.821702736820261,7.974430356909701,1.541652678418777,0.010741943377336582,0.018497831879763282,0.002512187647051762
215,1677886485.649842,-3.8207623901419487,8.464202064529033,1.5502349801479052,0.010506369990258335,0.019183893788536466,0.0025413460959983775
216,1677886486.049882,-3.765408009071557,8.95375961929043,1.4529309607879926,0.01041547912590346,0.020255542579604935,0.002521185829372672
217,1677886486.449924,-3.669641911074908,9.407192427362443,1.3129311129124646,0.009990757427129182,0.01683820476243625,0.0024528842587921017
218,1677886486.899979,-3.4310122806325256,9.871982171223117,1.1260111440835194,0.009010069940211807,0.016577127932023927,0.002948185184612909
219,1677886487.450031,-3.0221012809426284,10.325440763492482,0.8606421210856128,0.009159655865232708,0.012176176337774791,0.004150657293498857
220,1677886487.90007,-2.5868656973516386,10.629769103664982,0.6827643978504928,0.010398621449336787,0.008289220976251954,0.004236223041590102
221,1677886488.300119,-2.1757970224005847,10.836171566696638,0.5486394038835068,0.013644983056075866,0.008612302093254698,0.0049871744053351765
222,1677886488.70016,-1.73007090574292,10.959110910478751,0.3958277147608809,0.015446851129320649,0.008996880502408544,0.005133492607793511
223,1677886489.100209,-1.252963709229872,11.042016371540385,0.24281408262608328,0.01283445323836685,0.008236001188706155,0.003303614552756731
224,1677886489.500235,-0.7653269159485152,11.121923244117363,0.19018936323276814,0.012064417956990425,0.007448129941508341,0.0030304171256282813
225,1677886489.900284,-0.271833227253973,11.123461314322467,0.15019899760897681,0.01250339110421217,0.007291747914692337,0.003218168584965847
226,1677886490.300325,0.2194699528558854,11.107249395158043,0.08656904457051856,0.013347481122702586,0.007580300961464559,0.0033466111759113144
227,1677886490.700373,0.7170276568197305,11.084650565522463,0.07651707917931301,0.013130760395575813,0.007463259252574517,0.0026606321038902363
228,1677886491.1004,1.2329063258868067,11.063488085420785,0.10769116082983601,0.012071467776386458,0.007577106964518521,0.002714114096374304
229,1677886491.500418,1.7322112382121895,11.040355388846702,0.10684572100237136,0.011461466500217288,0.007473588078894977,0.002832803435140828
230,1677886491.900459,2.228200461618622,11.01571509157621,0.12714652108186356,0.010633019870819993,0.007969945834673808,0.0030440178949274962
231,1677886492.300508,2.7242040471241076,11.013959297359333,0.1077167853777718,0.010816221680616245,0.007955592083973784,0.0033506904377520333
232,1677886492.700534,3.250554794500121,10.98457203751212,0.02971349767978815,0.012048636923523759,0.007698428668774682,0.003939337631949651
233,1677886493.100605,3.767877056450884,10.932026242608185,-0.00834872349463155,0.011412553018189442,0.008177972805995637,0.0039008725019581466
234,1677886493.500624,4.255178428741342,10.882118768304569,-0.02764388703097125,0.010916021361193629,0.009074346082527995,0.003537680806980385
235,1677886493.900665,4.74953853374777,10.852310284387102,-0.04762571212533347,0.01049070128699725,0.01186652430003221,0.00364359500895644
236,1677886494.300699,5.229646047671332,10.81702907188542,-0.07663430693644073,0.008477989897876625,0.012799001967465529,0.0038034595532719213
237,1677886494.700762,5.690048660986689,10.763207793209576,-0.0986028415039226,0.0077860285009521135,0.01386435822604426,0.0034389167306944227
238,1677886495.100819,6.146304222907006,10.717186475291173,-0.12711398114074093,0.006812287237508485,0.012617671202434622,0.0028075402579372465
239,1677886495.500837,6.581621595713602,10.69242311735336,-0.11970373245238666,0.0066030477468785875,0.012726290649226257,0.002966051049793381
240,1677886495.900893,7.00001364204214,10.633881287441259,-0.1325209640452139,0.005904714703625302,0.013105848730219805,0.002419377610572984
241,1677886496.400954,7.457902311762743,10.456472991244638,-0.34089963192182055,0.00592335014508194,0.012390968315145301,0.002780051349346667
242,1677886497.001013,7.8895117619994615,10.048551069746935,-0.6834483275603008,0.006959354915814231,0.013907664184998225,0.006080340742673344
243,1677886497.551072,8.158370490545197,9.560812906912794,-0.9562705748263565,0.008425894111880439,0.015973823301294487,0.009384657987811863
244,1677886498.001112,8.276306624245342,9.10886318418491,-1.178834155099908,0.009086706514764842,0.019287745309071624,0.009708425189377505
245,1677886498.451182,8.305369313200702,8.619198136107743,-1.37728021030497,0.008439809695232725,0.02273043788274265,0.009079460892308915
246,1677886498.901221,8.272465818245312,8.177809118579363,-1.4930791905598257,0.011183803112743362,0.022539162641137978,0.008226479121085727
247,1677886499.40126,8.267275790800783,7.6217654503906624,-1.442993766393812,0.014915743778544766,0.020976737873354523,0.00721016139933921
248,1677886499.801301,8.255631016966944,7.18646654475697,-1.423140764793259,0.017084655089149692,0.019756671013048788,0.005763875918211467
249,1677886500.251348,8.29338790041827,6.751007007849633,-1.3176727747774029,0.02058310938495822,0.016744362696570647,0.004749991238561587
250,1677886500.751401,8.424331823222115,6.331836104043431,-1.0488736742153661,0.024453771928122592,0.01411937219431536,0.00422210481234798
251,1677886501.451464,8.766059400039188,5.9476400238335385,-0.4576176404482982,0.02531240868098905,0.010847021916418953,0.004296232320812618
252,1677886502.001539,9.166668700077633,5.749874607919825,-0.1627896139348897,0.020027313824030557,0.008228913013887507,0.003728757862713276
253,1677886502.501577,9.611145477415727,5.527965520298577,-0.05361097397446312,0.027225224714825913,0.008920467623990902,0.007348000801103833
254,1677886502.901618,10.032833716873153,5.390194568830001,0.002331688948483555,0.028797850117840085,0.008287803582202713,0.007154350973966435
255,1677886503.301659,10.468135402889493,5.371613859744752,0.06754730902471374,0.03041192274304194,0.008165984802108284,0.005863209828072127
256,1677886503.701716,10.940496314289138,5.375884298102223,0.03540684822785777,0.03176371324525462,0.007837989443814308,0.004656324157640086
257,1677886504.101742,11.422119330190208,5.383986852260005,0.02438286994305633,0.030433237971294602,0.007635073496945921,0.003488266741373598
258,1677886504.50176,11.936627106482385,5.396199965922013,0.00481418678178368,0.031633536063367274,0.008027826141528749,0.0029927494561716485
259,1677886504.901809,12.432254548673717,5.412035620229324,0.006718868265564493,0.02967480477116169,0.006852849914576353,0.0020552242681900496
260,1677886505.301842,12.938448733612548,5.44327006027799,0.020186863268668146,0.02824956494399089,0.006361163754650789,0.0018473973386339839
261,1677886505.701907,13.411605438986623,5.469382920188791,0.03469558232179899,0.02648598424914894,0.005659315041771862,0.0017969782679873383
262,1677886506.101947,13.884978483975864,5.475965353357181,0.05410474054247839,0.02322420745775844,0.006198214522058265,0.001966928107179483
263,1677886506.501974,14.370939788892828,5.464859355794431,0.060756580641037575,0.022525718077673673,0.005767516883224744,0.002024269837238517
264,1677886506.902014,14.85753972816846,5.4364869969708005,0.02505747943720837,0.017957584872959842,0.0056828417104490825,0.0019380186371652226
265,1677886507.302071,15.371799370836722,5.3982302038381675,0.012816642172329881,0.018929884974539846,0.005593075175973183,0.002017537227775165
266,1677886507.702105,15.874131397595146,5.349157825777204,-0.016146488712211197,0.0220814384518917,0.005038377596811472,0.0023097013724463033
267,1677886508.102153,16.37952453766624,5.308652187979293,-0.007630788986298779,0.017236138596103956,0.004836775023115081,0.0024980667752489273
268,1677886508.502217,16.869840136781487,5.2746207017185185,-0.021115446180236544,0.011359817484787982,0.005842483049992353,0.00272836975660165
269,1677886508.852283,17.32343053325062,5.251456965242272,-0.0374640943302309,0.00959062617289419,0.006687058648001454,0.00236528981263134
270,1677886509.252293,17.814804073588107,5.231250409108189,-0.03298140008201875,0.009692953112221403,0.006596968748940668,0.0026768481806807316
271,1677886509.652358,18.329925877026305,5.1949386480128625,-0.04163312616970656,0.009029289246313965,0.006819466845151112,0.002365509143305334
272,1677886510.052406,18.84302963664697,5.156802282600805,-0.04343909823568258,0.00925793053858115,0.008229084191377467,0.0024898900245955255
273,1677886510.452432,19.348443299795747,5.1155292602847275,-0.03612755801155638,0.008460950152709756,0.008836766165646992,0.002749611867773931
274,1677886510.852474,19.856056586855654,5.0723677858780905,-0.02439518042366767,0.008502508033302547,0.010038406936729416,0.0029195436256510593
275,1677886511.25253,20.34285357317418,5.058940938463489,-0.0037784921883905723,0.007637560708417368,0.010939095433940338,0.0023820325624719346
276,1677886511.652556,20.824375450496756,5.009921413491681,-0.08925868178929329,0.007299653392067285,0.011549987887068625,0.0029751045981700514
277,1677886512.052597,21.304349544839226,4.960386824088897,-0.14244520854689863,0.008610490707667395,0.012118976727702346,0.0024413375444066123
278,1677886512.452623,21.7654318543144,4.8877829057859765,-0.1636113717516565,0.008891831110474868,0.013095038348019727,0.0026955547824846922
279,1677886512.852672,22.205339120814788,4.781812823903309,-0.21098952507315147,0.008783919378743121,0.014593857262941157,0.0024190347360090662
280,1677886513.302734,22.641267411633734,4.574994694280555,-0.4315517488489603,0.01116221366623904,0.017522117463709463,0.003838873073441497
281,1677886513.852786,23.07932520240574,4.191179231799337,-0.6742647136563263,0.013922797439249734,0.020647098262795538,0.00540079206476573
282,1677886514.352847,23.409716115568436,3.763300566462599,-0.8860443721463659,0.015137570439378578,0.020964737476194983,0.006106031263477721
283,1677886514.752881,23.59839542681613,3.348542230872934,-1.0544952440690925,0.014194128979397647,0.022986940374799758,0.006167113531320853
284,1677886515.152922,23.728461236023286,2.907715064091875,-1.2671922917413718,0.013180383113535754,0.024906922734366788,0.0060516206436117175
285,1677886515.552955,23.808961137853572,2.4475738940831584,-1.386140896539828,0.010465118412412266,0.02322288801022232,0.005135794817265406
286,1677886515.952989,23.84956402345504,1.9777916962034015,-1.4206852745214626,0.01005013736175897,0.021417890244101123,0.005140548158193449
287,1677886516.403051,23.851025856830248,1.5143415108834124,-1.4765044367648414,0.009274065990553026,0.020388480818631205,0.004606474393688516
288,1677886516.753079,23.806704198625916,1.0302412958378753,-1.5136881833137066,0.011072505488414208,0.02069878139805792,0.004615544854221452
289,1677886517.153105,23.749140227284634,0.5699368355415652,-1.563589241606437,0.011985560849552712,0.01901922057019989,0.00428940592145782
290,1677886517.553123,23.644243660195603,0.13895775203726557,-1.7019559944580007,0.012372682582849848,0.019167096834400047,0.00439818954986409
291,1677886518.053184,23.456197008906884,-0.35391599647568495,-1.8152183666157176,0.01374892177966558,0.019559555676416873,0.004668298432143005
292,1677886518.603236,23.10701210352578,-0.8045838601427838,-2.142286247132574,0.016168998400189594,0.02333380122665829,0.009402410911028905
293,1677886519.153288,22.63096763666915,-1.112240229290655,-2.5407016160824756,23.079401696205537,13.215631297781533,0.18025277986289034
294,1677886519.60335,22.176182528976234,-1.2423862052316983,-2.7831404817346694,10.651942632874977,6.328997728459571,0.08737905898076159
295,1677886520.003377,21.748748613361588,-1.2710678370224642,-2.9103183595557165,2.457012325312405,1.6937836196382798,0.026102995928672813
296,1677886520.40344,21.328217961673662,-1.2824072463432854,-2.989840739153062,0.2780097292047117,1.6075867781136521,0.018505398117042878
297,1677886520.803489,20.87716318625143,-1.2971587487546326,-3.049861552625691,0.019749099818966442,0.0092315318374101,0.003973890801325801
298,1677886521.203538,20.408040868170847,-1.2760813280405885,-3.1127932342342866,0.017779654552725788,0.007437458367982153,0.0031446951838149115
299,1677886521.603579,19.945806966270066,-1.2306058365661439,3.1267564947104396,0.014738243307590437,0.006665762805970088,0.0026068839574685376
300,1677886522.003643,19.455029498906057,-1.1659684331891147,3.078124326717472,0.012491684882832033,0.006484752254443116,0.0026285300394419914
301,1677886522.4037,18.973640701787204,-1.1105622349339082,3.0859728488299045,0.012531981125562197,0.006416936122859873,0.0022524901140031574
302,1677886522.803733,18.480139964747845,-1.0597025558770228,3.0799308333780115,0.011967513592708201,0.007121745597092222,0.002103662929211863
303,1677886523.203775,17.982940133256083,-0.9984839337572977,2.9764861511473897,0.011871975222845776,0.006599087975281859,0.0019484358761418315
304,1677886523.603823,17.502507013288398,-0.9866740846743125,2.988037138350486,0.013655040783191907,0.006656537504256987,0.002375814871625915
305,1677886524.003842,17.01498275072155,-0.9663160226626235,2.9870899532380633,0.014311365526282316,0.007212060400240028,0.002622907882441471
306,1677886524.403883,16.543404943144147,-0.9419783517881409,3.0111713527069233,0.015958843031171455,0.006846740883709956,0.002495548854238109
307,1677886524.803909,16.060206348850656,-0.9065040046940894,3.0244635164149622,0.013769562823767956,0.0068499859038240185,0.0023580657268624135
308,1677886525.203973,15.565517109213797,-0.883506212296011,3.019569116725821,0.01249915467050755,0.006630596883420492,0.0024478879165905445
309,1677886525.604006,15.107638366178241,-0.8538825788877075,3.0487210659151986,0.009849932472548062,0.007194904171071603,0.0024424671302922564
310,1677886526.004063,14.64336082330383,-0.8470655586884005,-3.1381549626321563,0.008316401444346866,0.005602882096704231,0.0018369404343359797
311,1677886526.404096,14.207233976944455,-0.8835360959346501,-3.0278952396085526,0.008740068538003243,0.005228634244112018,0.0017053107576003009
312,1677886526.904195,13.726101360599749,-1.04032065356478,-2.742496847727152,0.009462921553023307,0.005579739070206591,0.0018023675000395578
313,1677886527.554222,13.26172275612168,-1.3387292703266853,-2.27121524192121,0.008892112153489506,0.006549500215096815,0.002824485809612042
314,1677886528.304298,12.851099893928295,-1.7612417034921473,-1.8028901256180256,0.014599729308258702,0.011283986990379802,0.007665112408050125
315,1677886528.85435,12.664467605038332,-2.216583412393057,-1.755437718897227,0.015010955015895888,0.012172761150004874,0.007125122418476
316,1677886529.2044,12.570983564837864,-2.6594905084763614,-1.6852663385262217,0.01218725687033384,0.00962227197664145,0.005161872308606159
317,1677886529.604426,12.49640464792646,-3.142853140565092,-1.7441182594878624,0.012613014700491476,0.008731214744370774,0.004256186462673209
318,1677886530.004444,12.436498534648765,-3.662682966854017,-1.7935583482139619,0.013414579202219556,0.009059173940741516,0.0036467061190767684
319,1677886530.404485,12.364228230307322,-4.1407316352662,-1.8008703555413927,0.013437179757033846,0.008528390370454275,0.003543806721598182
320,1677886530.804542,12.273647195456459,-4.595428088366403,-1.8465727316528504,0.010992955957618733,0.008821357597099677,0.002751877964625468
321,1677886531.20456,12.14270198293371,-5.023525487040634,-1.8942939601461402,0.010153376053352758,0.007446826756861924,0.002221535091932924
322,1677886531.604616,12.038537864458254,-5.4254757467048815,-1.8683855727992251,0.009428280493779084,0.007500128666357853,0.002294150039423049
323,1677886532.004658,11.87953762982254,-5.820305359060055,-1.9090917856181229,0.008351288089670561,0.006996901531493904,0.002020278447218161
324,1677886532.504711,11.677189349817196,-6.295833007708866,-1.9261303670202041,0.008605849742224336,0.006830855756554399,0.002380475098539782
325,1677886532.954773,11.511316111418482,-6.7313226082792665,-1.8836387368056684,0.008578712701137192,0.006621058574985739,0.002395613503493716
326,1677886533.454827,11.380934060460241,-7.213608058042144,-1.816551912347186,0.009553894408952601,0.006743697422251671,0.002842241456228582
327,1677886533.854868,11.306993031995665,-7.616129248880358,-1.779811752364613,0.010491926051088285,0.00667889493988838,0.0027300424743169635
328,1677886534.254924,11.252657367774693,-8.030980305681032,-1.7602140461641211,0.010674961457070253,0.006516999117451405,0.002492346755397266
329,1677886534.654973,11.236500967491008,-8.448978389619455,-1.6844303916787091,0.00862767547315002,0.007129103704443196,0.002144655850909166
330,1677886535.055037,11.222569024229376,-8.886719751194832,-1.66209413614481,0.0073781003667932055,0.006744804859593501,0.0019154129337586613
331,1677886535.455055,11.19025849855397,-9.372729165090824,-1.6383083084440657,0.00557785057252147,0.006682332674188274,0.002005639238399893
332,1677886535.855097,11.168083382616027,-9.863595762617855,-1.6169046825180968,0.004797855548616781,0.0063255955202379255,0.002001717200290968
333,1677886536.255145,11.125491107030662,-10.375586466880705,-1.6269186929983914,0.00526834141709287,0.006362138245705751,0.00203776783075671
334,1677886536.655171,11.07622862410885,-10.879114893743113,-1.6195558244171662,0.00494711430886241,0.0063582341032457634,0.002190652137688174
335,1677886537.05522,11.018273294769225,-11.394429964521144,-1.6302628607482779,0.004950886834038215,0.006598036938441965,0.002326738327833936
336,1677886537.455246,10.963705582892231,-11.89665053899662,-1.6267569986225623,0.005458305430991572,0.00714871529089578,0.0023365036644212743
337,1677886537.855295,10.937216015790906,-12.364084235200611,-1.5962933583640695,0.005631843503977052,0.007915847287961242,0.0025063612090569123
338,1677886538.255336,10.882087282578452,-12.848129208817383,-1.623063850468639,0.0055143062348292915,0.008322354039393076,0.002370191651011293
339,1677886538.655385,10.841542594092422,-13.340268769286522,-1.6334279201429085,0.006814733386264038,0.008328713445422409,0.0025372994727060464
340,1677886539.055411,10.808161548371178,-13.803266010409445,-1.63658125567938,0.00797306161700817,0.00841893052970022,0.001824745042876853
341,1677886539.45546,10.787451050732502,-14.283141499724222,-1.5786647577472854,0.0063712871079246725,0.008633149908234827,0.0014637465028263352
342,1677886539.855509,10.78330629545134,-14.738935001938351,-1.5636517530803689,0.007629062976860723,0.010069355738380636,0.0020005053064981126
343,1677886540.255557,10.751124275646667,-15.196344837214134,-1.6115389179547932,0.009975813005070222,0.008513480773984838,0.0025491675328796065
344,1677886540.655637,10.700944168851164,-15.64006629274959,-1.6519486899223574,0.01141194162426018,0.0072379447623518445,0.002185059071488939
345,1677886541.055625,10.676445751861074,-16.10012664583286,-1.638081817194391,0.01190527388881435,0.006023598317142387,0.0020036720985461467
346,1677886541.455673,10.653314770318,-16.554812078333317,-1.6285473439357043,0.0101544957149855,0.005126107861713081,0.0016610016290077249
347,1677886541.855722,10.60993475530622,-16.996980103911202,-1.6606923934632196,0.008752934624212116,0.005073642269167067,0.0016334300018748461
348,1677886542.255748,10.556730690000316,-17.45384425044835,-1.6763337992584924,0.00845375752317068,0.00507214122978894,0.001953222307659774
349,1677886542.655781,10.516952038770958,-17.89284455690962,-1.6561205053895969,0.00720049991622318,0.004979934395237251,0.0019606152532873774
350,1677886543.055808,10.499216116219168,-18.319350204154695,-1.5835805081572056,0.006084575930302094,0.004276513969614371,0.0017608142999050878
351,1677886543.455856,10.46934365310164,-18.75626657161739,-1.5501874142891614,0.005447539148050851,0.004112151433048439,0.0017485213843041279
352,1677886543.855897,10.419769171522177,-19.203003701619107,-1.6242749196667903,0.005461178344759787,0.004946940035495118,0.0025859262826673705
353,1677886544.255946,10.371638754187053,-19.62343471597143,-1.664995330095952,0.005704178375893321,0.004828372251836299,0.0026176505548683835
354,1677886544.705994,10.328901967974787,-20.07631369676101,-1.6638832032206714,0.007879379880179727,0.004845884616997864,0.002541473322767737
355,1677886545.206055,10.370739454782507,-20.500328888837437,-1.5299495762954483,0.009521989683051402,0.0051633401328672335,0.0026937824682839832
356,1677886545.90614,10.696697491804823,-20.922636486976764,-1.0664999162776279,0.021521008922405827,0.013693049548749059,0.01496482739863665
357,1677886546.506205,11.096604633150113,-21.120465030899695,-0.69493332155131,0.034804918228033443,0.01580192801748126,0.01605427377049342
358,1677886547.006259,11.531446758178735,-21.222133518855426,-0.3948433222765045,0.04220011802513568,0.015455226799701904,0.013513376320452077
359,1677886547.456313,12.052839164186071,-21.294147937766223,-0.23613794566343616,0.04589918200989018,0.013322693819304732,0.00924613510128519
360,1677886547.856355,12.574779612148616,-21.352493499068707,-0.10243003682895693,0.048636929739728885,0.011709255690391274,0.006545218073300942
361,1677886548.256426,13.102272848093365,-21.386634251506496,-0.052354939219485426,0.04414652455901091,0.01114661581306109,0.00449556633485373
362,1677886548.556433,13.562801717554398,-21.44435683306764,-0.050291923279773665,0.04580713297829675,0.01041013741541974,0.0034240458304807806
363,1677886548.856469,13.993758896984179,-21.485866177158794,-0.0182586154373877,0.041760590171236345,0.009232349702756437,0.0027156575212332152
364,1677886549.256518,14.508241308987062,-21.497693375204005,-0.008871566681032048,0.03868364177674266,0.008538576483488214,0.0024146903091111778
365,1677886549.656552,15.036290076930486,-21.514123487944723,-0.0816324902112089,0.03272315752008126,0.007609594989958168,0.0025631909285634942
366,1677886550.056601,15.554043340032566,-21.52265519860143,-0.0684484113927183,0.031940078770333,0.007212777614086008,0.002615149639746258
367,1677886550.456626,16.055226283308134,-21.52256007147209,-0.02264611383719201,0.029571439797337007,0.006837502234020576,0.002417724759750337
368,1677886550.856675,16.572828854954714,-21.5350693451865,-0.0983305085792523,0.026282378295604758,0.006353754848191784,0.0024821459229494394
369,1677886551.256716,17.032501267008925,-21.545893218831875,-0.1287151544248355,0.023166877729295265,0.00668436942930839,0.002399917753704404
370,1677886551.656765,17.503746418145912,-21.58837664166032,-0.17260003736236565,0.02185943157985548,0.0059792833716301175,0.0020722658734543104
371,1677886552.056806,17.962242637247996,-21.63210846204015,-0.14035601512100973,0.021039459595442622,0.005970607635674696,0.0019335395736324288
372,1677886552.456855,18.422946840270036,-21.68739763636766,-0.13157690813782866,0.017830120408007133,0.005318284719066924,0.0020097404912165517
373,1677886552.856881,18.88186936867791,-21.74444408016233,-0.12281074888198801,0.01230420882876615,0.005249074934226883,0.0018782976508671097
374,1677886553.25693,19.31848997006713,-21.78467553038209,-0.09135418801774628,0.009694628057388854,0.005071535803494953,0.001541951138850242
375,1677886553.656979,19.730645560054253,-21.822409034556433,-0.11077528891784322,0.005709496921667778,0.005140350389069681,0.001260157093089964
376,1677886554.157032,20.188568825418642,-21.857205103569097,-0.12578532030251036,0.005598409450897179,0.004909835296132314,0.001841684176467412
377,1677886554.857102,20.609529145920003,-21.91317476869455,-0.19247713010793674,0.0051507069862850585,0.004842538386981232,0.0020276371704807026
378,1677886555.907177,20.189784767460715,-21.905630765350654,-0.16108434154138487,0.005432075751286902,0.0030432136833269396,0.0026980683073836694
379,1677886556.50722,19.761832412202782,-21.851933150769923,-0.15529673946849926,0.0046738951851352795,0.0029770818033512114,0.002825176697999536
380,1677886557.007281,19.352299619068408,-21.82818346730897,-0.13847547777760544,0.004122518395831776,0.005194320258169682,0.003110180239443706
381,1677886557.507342,18.860216601381506,-21.795335685777285,-0.13949607994830554,0.004576199183588869,0.008078693129220937,0.0032054619717410858
382,1677886558.007403,18.372691406324986,-21.75417199141275,-0.17808840582411462,0.005320901430309277,0.009409693902341587,0.003067586861593093
383,1677886558.407451,17.95390611132588,-21.726252377436005,-0.19175778068375285,0.004881280724646331,0.015158583375182388,0.0034019802073745266
384,1677886558.857506,17.490301760479387,-21.691685526685795,-0.1670863568877453,0.005482702880101442,0.018017941978655472,0.00316273739935344
385,1677886559.257548,17.078223795019166,-21.647911105673057,-0.18701185818533964,0.0061403547666714076,0.021084162900990577,0.0031829157598986446
386,1677886559.757609,16.574792497016823,-21.57225778673497,-0.21056895190205796,0.005969255364902892,0.025284619749470494,0.003668185601844224
387,1677886560.207671,16.129202159197018,-21.51085969626829,-0.21266694192955313,0.005914623654916795,0.025596080893137696,0.0038110991817284622
388,1677886560.707732,15.664367539869165,-21.413638317120192,-0.17994620785851234,0.005522953148471288,0.024234890851971613,0.00356574738004637
389,1677886561.207801,15.191560564342755,-21.304392252773333,-0.15076593139464667,0.005413852166185507,0.02396656628798155,0.0037931519508149613
390,1677886561.707846,14.758693733804296,-21.300501261408993,-0.10906596174261358,0.005575758510929063,0.026667203243846416,0.0035622866663454675
391,1677886562.207907,14.354649217972593,-21.259320474203044,-0.13710848951861399,0.005376717591730085,0.02850379853225604,0.003783805447921852
392,1677886562.707946,13.940233522498573,-21.269638956102398,-0.11283037623925904,0.005510818014869301,0.03005104338643605,0.003760593393612075
393,1677886563.207976,13.530250141315891,-21.267439059588185,-0.11750848207340502,0.005683623497162671,0.029505965923078747,0.003630202139153355
394,1677886563.708045,13.125382738512684,-21.26843471250627,-0.2107076620089871,0.006363402056479117,0.032756541771618686,0.0046015761894485216
395,1677886564.208098,12.700709196555994,-21.229604989224857,-0.19513912460220487,0.007025207480097606,0.03333191675119451,0.0044843214604341234
396,1677886564.708151,12.270775044587731,-21.189198479626985,-0.18342367892495637,0.0072878653039936125,0.032300742671452554,0.004385583821333206
397,1677886565.208212,11.849282018228184,-21.16360846578168,-0.19689218480593143,0.007015325173711062,0.032683118798502164,0.004071662385086438
398,1677886565.708273,11.427023754207916,-21.120529983663605,-0.32516923080698357,0.008281580454621462,0.03064406068443759,0.004564913016453867
399,1677886566.20838,11.024132514404096,-21.106943311474037,-0.6129012993725308,0.02464382501135276,0.028952656808201027,0.012957186463612078
400,1677886566.708373,10.609191722835346,-21.081289178957284,-0.9942298301379431,33.289813844205156,31.43212939457527,0.2278868377635187
401,1677886567.308415,10.17390139446758,-21.070654207302926,-1.4463020846395205,8.78972747847277,8.25778475072292,0.23799782428056354
402,1677886567.908458,9.899282915303349,-21.080325227422183,-1.817779456449763,9.503070217292802,7.975488252293076,0.6584469540097794
403,1677886568.508523,9.574820726653128,-21.15196011492415,-2.1348298410337283,5.621557165162855,4.623426010294509,0.5908733607561963
404,1677886568.858543,9.26874564665174,-21.159676566127477,-2.485467107662739,4.256607903206813,2.4812261972218153,0.3797131508012912
405,1677886569.2586,8.935172189022964,-21.096040140117747,-2.814059567518325,2.6324263765578166,1.1442670165226332,0.2213859296956506
406,1677886569.658641,8.588335030175896,-20.937507063942864,-3.1304931100581688,2.391363471948182,0.7617071752366655,0.12987859002185723
407,1677886570.058675,8.051375495723832,-20.757403038834568,3.0356607298307794,2.236109733019177,0.6142489346747766,0.058137065808206025
408,1677886570.458715,7.465553299810931,-20.58765262809666,2.986046948551702,1.5700187099694176,0.292110176639369,0.029044869210461722
409,1677886570.858764,6.946394845938536,-20.457499858989443,2.9458177113684836,1.8073981313944074,0.38560759462171745,0.022266985967514145
410,1677886571.258806,6.429775296987176,-20.38112276418409,2.9569110445367106,1.529236727165184,0.16889509123149082,0.022505552369750024
411,1677886571.658854,5.880043050807538,-20.324757141498544,3.020166486086238,1.8604828940164566,0.10150106054595653,0.03539202533708897
412,1677886572.058903,5.318221381073058,-20.273018407580313,3.023313811061233,2.2887839435377977,0.04029160960539002,0.047097758111035684
413,1677886572.458967,4.772559180528967,-20.222188027991365,3.0916074801265907,2.6237530124156656,0.041610122497786506,0.05075289216334813
414,1677886572.859008,4.214192955306722,-20.201483461345617,-3.0706332201872897,2.872677936389344,0.04135135872519413,0.052754162093395
415,1677886573.259065,3.7188367771951443,-20.24442951989539,-2.926799143721082,2.817442781772195,0.03460049970641421,0.04729800176047631
416,1677886573.709105,3.1510813842478815,-20.32592750041009,-2.7654235893775705,2.328291781711803,0.023646906396720624,0.03658601102351473
417,1677886574.20915,2.6109476357833703,-20.523458924838483,-2.5623441330712318,0.83657245200971,0.012190718101976472,0.013281139221677354
418,1677886574.75921,2.1348367460845967,-20.856326681291588,-2.2514179065294933,0.1242425324249421,0.012427230781554499,0.004639310742185416
419,1677886575.309269,1.7785683490570328,-21.293005961844578,-1.9530985619782775,0.013284037416832373,0.015810781561128806,0.004349620515851472
420,1677886575.709295,1.5967206495346218,-21.73876161040676,-1.8448206302785561,0.008405999570109568,0.01554131751066734,0.0037103438802300226
421,1677886576.059338,1.5153803273318043,-22.18569514345388,-1.7774386396963093,0.007952056071704572,0.01641474346342875,0.003697274448382679
422,1677886576.459386,1.4532440031004425,-22.713663817420567,-1.7532584733570864,0.007794226033343232,0.015244272768541123,0.003291285841292751
423,1677886576.759423,1.4327874872441668,-23.130963375641635,-1.7325703127045988,0.007517065219242003,0.014491863462126275,0.0030253112948880503
424,1677886577.059437,1.4272089112942172,-23.552712847056483,-1.7124595898915755,0.007696625896898013,0.01384451783633267,0.002935605654225032
425,1677886577.509507,1.4056332587951197,-24.10963524910156,-1.6607597907365717,0.008368319449059136,0.013676416028602034,0.00358146047897703
426,1677886577.859535,1.3777075022235994,-24.554815700724582,-1.6721782979143367,0.008668219394787124,0.012848774297935961,0.0031520668600302747
427,1677886578.259584,1.3615592229954387,-25.043356158900433,-1.674648999898535,0.009004167329136559,0.011690369777966225,0.003092089441119951
428,1677886578.659609,1.3192315481503971,-25.51375774484921,-1.7211658007841646,0.009267426515584543,0.011020059194038367,0.0029221835268457277
429,1677886579.059651,1.3017236962215248,-25.999181395749446,-1.718494560506002,0.00956703970332029,0.01101314715594981,0.003236479582995127
430,1677886579.459699,1.3658648491588785,-26.430599890484736,-1.592500536149313,0.010429048908598748,0.011239633870104626,0.0035944731026364574
431,1677886579.85974,1.4741687591094952,-26.886877852714793,-1.3335992304730055,0.012515324487741175,0.010042821336924135,0.003698355957917777
432,1677886580.4098,1.5910892238435503,-27.354179293185883,-0.9714643784700059,0.014475129566322131,0.010976166894579364,0.005309735755962765
433,1677886580.959859,1.8036503879538812,-27.77627932237004,-0.6305410598641996,0.017418155837070515,0.01347065641334666,0.008321096761704809
434,1677886581.609908,2.266249561867849,-28.155516252745272,-0.39310488108142483,0.021505510691508967,0.012418316072967173,0.008228700857232495
435,1677886582.009949,2.687594582551982,-28.344152199763027,-0.2636683680537124,0.02165062298728504,0.010431702209643845,0.006634308615365925
436,1677886582.359962,3.1206383229667916,-28.511719084861884,-0.25362338554582303,0.0204912415475782,0.008541668070847663,0.004819322979435375
437,1677886582.760033,3.664140035732836,-28.65841445737098,-0.16188303552711783,0.01966538440600729,0.0072937316980414835,0.00384106167247732
438,1677886583.110061,4.186588524489156,-28.751091241197567,-0.1316146990018127,0.01886961152368727,0.0072349894777516965,0.003166000131057177
439,1677886583.460096,4.647077990175011,-28.747854677071587,-0.08155024472793665,0.0190275551466641,0.006966446391857062,0.0025751784811522053
440,1677886583.760148,5.054869266215094,-28.73211733672035,-0.006443621354839715,0.01912834704971189,0.006555820862786277,0.0023957368306753287
441,1677886584.110175,5.541616110916908,-28.74735446182331,-0.01236543162023784,0.018917799034941396,0.006106900099325685,0.002618418521796342
442,1677886584.460202,6.04556209376349,-28.774632173305598,-0.01673598740416138,0.018001541031729573,0.005656293784795707,0.002273469243410204
443,1677886584.760247,6.462257210679483,-28.78895640464815,-0.039030802033936475,0.01886529488871247,0.005721219250290233,0.0020955521428600225
444,1677886585.110305,6.928751922220135,-28.8034171526799,-0.07167412264719655,0.01816861103285561,0.0060527313864895405,0.002061363445930595
445,1677886585.510346,7.447366696185136,-28.823896135109926,-0.07887118458755901,0.018030275050861633,0.006345264604419754,0.0020562818136357864
446,1677886585.810405,7.848945525097114,-28.846613490416164,-0.07200714983595022,0.015922591392495633,0.005265501274152484,0.0015605286685267414
447,1677886586.210424,8.355178691868781,-28.862293358135513,-0.07692549869324901,0.01632638375488682,0.005288436900968918,0.001862875224023648
448,1677886586.510857,8.76129822523449,-28.909487867233427,-0.10399408036322114,0.01556602963989917,0.004828723829064074,0.0016467439630676573
449,1677886586.860495,9.22151336540247,-28.94706131100035,-0.09728840225179204,0.01478262442167022,0.004602115936222617,0.0016682741856414046
450,1677886587.160532,9.61972877903396,-28.984743677845206,-0.10702274429204761,0.014654975639459167,0.00470366226591068,0.001565133640795051
451,1677886587.460599,10.021377848909816,-29.03059525648015,-0.11584901685144769,0.013687194295982863,0.004604560363532073,0.0014289925122603396
452,1677886587.860602,10.524968885969788,-29.085940696164645,-0.11861190181875654,0.013087812297186474,0.004489244188675912,0.0016878733660364634
453,1677886588.210637,10.980716675624093,-29.132115811243914,-0.10430545967178952,0.013004632444236108,0.004045711678031694,0.001699840878793177
454,1677886588.610679,11.50552479702589,-29.187571057069594,-0.11247576270140569,0.012800112382478801,0.004300764993558914,0.0018687154703704648
455,1677886589.010719,12.019759465439593,-29.238793841379817,-0.11468095914053979,0.012290332007125926,0.00455727261987704,0.002073199599962908
456,1677886589.360755,12.486286919511738,-29.28141371545012,-0.10683199190941074,0.012486861546733508,0.0046940382774209866,0.0021368996702738944
457,1677886589.660791,12.898653937899441,-29.319304836137412,-0.1323482972175411,0.01239412947109031,0.004744498605305125,0.0017713024623230936
458,1677886590.060832,13.411018076919584,-29.349616452289197,-0.15366654631450768,0.012506876096210817,0.005047354987596009,0.00210496122055378
459,1677886590.410868,13.872285447155669,-29.37354187579896,-0.1337285492218078,0.012363601301672134,0.005292430047802554,0.0020331486864992553
460,1677886590.810916,14.371943621924878,-29.397342600994715,-0.09815280428232664,0.012588956738824209,0.005129688592205639,0.002163823039452927
461,1677886591.160944,14.830691234719726,-29.430528034673383,-0.10300143290241284,0.012350086207760569,0.004931641822963684,0.0019278150784412735
462,1677886591.560993,15.318320792371038,-29.46932630011277,-0.10474237119161425,0.012057709255714144,0.005516555072972551,0.002189712993876393
463,1677886591.961034,15.794424459560824,-29.52507461080129,-0.09971008191612561,0.012025831529257403,0.005221110930619943,0.0020326584364745975
464,1677886592.361082,16.276095792492768,-29.581045188289767,-0.10745146853473472,0.011959780570862222,0.005928795206727955,0.0020828071485273977
465,1677886592.761131,16.758781588969555,-29.62683202278559,-0.10602697855299195,0.010866499600695079,0.006358790445688101,0.0021152334168360277
466,1677886593.161157,17.245336560290472,-29.668791850603693,-0.1418372223588899,0.00956764604137561,0.006237964780780203,0.002044793454265438
467,1677886593.561168,17.710190073104375,-29.722328880620523,-0.16613825176671193,0.00888415275267107,0.005576665002536174,0.001986783356691075
468,1677886593.961217,18.127721027591093,-29.772697845538794,-0.16567908092638456,0.008758117577770008,0.00594925331063223,0.0018444158885054952
469,1677886594.411264,18.575887173436712,-29.82557847871849,-0.16999924562150887,0.008435918330576442,0.0058558689972869615,0.0018288624613953895
470,1677886594.91131,18.99029063990228,-29.877470507879217,-0.16922823359789918,0.008077435677250833,0.0059478930176055655,0.0017497568136798588
471,1677886596.411493,18.97350159875667,-29.886412754970717,-0.14921406612542024,0.007645918257821904,0.0044938111531109826,0.0015609619430477218
472,1677886597.011535,18.52124857155939,-29.873302577387037,-0.19505832199074352,0.007242688166058997,0.0035309057567474156,0.002252753886941057
473,1677886597.511611,18.109639616023664,-29.83369899737985,-0.1653375991953369,0.006700034473055894,0.0036776871415895585,0.00224993479454987
474,1677886598.011672,17.664256957164167,-29.80421705667899,-0.17400957719508997,0.00665122593079559,0.00518857328802369,0.0023880321149630282
475,1677886598.511726,17.17403949277077,-29.768843945214595,-0.18583616348579138,0.007217289214622724,0.007478306002099089,0.002860483487162595
476,1677886598.911813,16.749969980352997,-29.739100941104084,-0.21215915624248197,0.008065308008781358,0.00980807011262641,0.0031292081816597004
477,1677886599.311816,16.33988214488352,-29.70367303349742,-0.21141823707366614,0.007709451180005544,0.012261439180065281,0.003371164968130332
478,1677886599.711865,15.930718718297095,-29.66615861297484,-0.18013969312853315,0.007470512475237001,0.014929977191968646,0.0034119033317962896
479,1677886600.111883,15.499422185905198,-29.61342385078574,-0.161635768172456,0.007532805919936436,0.018327784318785234,0.0035037570055808562
480,1677886600.511947,15.08875040153333,-29.5510309783471,-0.14015741647595376,0.007088346412984947,0.01998895382826049,0.003167494005696583
481,1677886600.911988,14.668402427035948,-29.5078662346794,-0.1237182766281822,0.006977607146836817,0.02159388248162486,0.0030586057579541294
482,1677886601.312014,14.218031799613113,-29.4733282710541,-0.09040083863113163,0.006890002884603064,0.02185288814712294,0.00282065217396331
483,1677886601.712063,13.765243457379606,-29.41436444124692,-0.06500821407581946,0.007094028717631318,0.021914752420002515,0.002810010991239213
484,1677886602.112104,13.334194480121187,-29.36843946218832,-0.08605764929355723,0.006621998063536694,0.020108963312850392,0.0026451868421443142
485,1677886602.51213,12.892748267348733,-29.31773950662319,-0.1252690394700366,0.006565414698286531,0.01878328450970912,0.0025821762437608256
486,1677886602.912179,12.466075045532506,-29.288004121011834,-0.14432154650586204,0.006665155768217801,0.01882063316759286,0.0025607555203380162
487,1677886603.312228,12.024335785549857,-29.263129791338862,-0.12646865590386358,0.006509908960197208,0.018734677903012198,0.0026833619518537937
488,1677886603.712277,11.602373707087212,-29.24976123484268,-0.1286935657285478,0.0065566666122833794,0.019244239689214737,0.002550228541039839
489,1677886604.112326,11.197817485245242,-29.19850452171139,-0.14961937391715915,0.006142757026196932,0.019932426892182775,0.0026165183794399664
490,1677886604.512374,10.782903366745442,-29.181445853724195,-0.12688930021123113,0.0059821277034188824,0.019407340267434847,0.002629636234310583
491,1677886604.912415,10.354572399633918,-29.17872077904159,-0.0943890211753538,0.005696898224655911,0.018109615361709075,0.0026547844891875007
492,1677886605.312456,9.912646904002681,-29.16079999481913,-0.05933198713611275,0.005378770350148443,0.017230441111564687,0.002470520656722542
493,1677886605.71249,9.46751876592157,-29.13186887695235,-0.09235490976268193,0.005657739961677066,0.01597155524268601,0.0023212652112080422
494,1677886606.112509,9.019983389147983,-29.09300700641456,-0.1658088139039169,0.005611089831916161,0.01655466956276541,0.002365503753306965
495,1677886606.512557,8.57482590762314,-29.05552832227738,-0.16823827358424737,0.005577301714069449,0.018474954945759237,0.002562629756506421
496,1677886606.912591,8.159214280670218,-28.981210372937024,-0.1674728361840749,0.00515613473911003,0.018550942931824466,0.002439359071230914
497,1677886607.312647,7.740370045829935,-28.936656265376257,-0.13517767825134316,0.004866241136440408,0.018490350534307254,0.0023558174517315277
498,1677886607.712681,7.307202756856238,-28.905734556460374,-0.10689066108582766,0.005039307994223918,0.019380733536763728,0.0025636974422480413
499,1677886608.112722,6.896001767308165,-28.882788582325343,-0.08579801186199192,0.004758344914378654,0.01844899173158865,0.002335263144314944
500,1677886608.512763,6.480696708578453,-28.845462486477643,-0.09312749514450064,0.004846293758077991,0.018800195586322843,0.0022086530238293357
501,1677886608.912804,6.055291033284014,-28.832966980070278,-0.14964561909808288,0.004954701761732849,0.019268481367021195,0.0022889407611814015
502,1677886609.312876,5.610758928068597,-28.784143762782424,-0.17395637359746347,0.005118167782686811,0.01917061643166562,0.0025401268504342467
503,1677886609.712902,5.158921683842951,-28.714874545965316,-0.20679933022159566,0.005705683038357279,0.019371306287098378,0.002567741555736878
504,1677886610.112966,4.706894983191839,-28.626096584526987,-0.21958146987491917,0.006235814412903551,0.019070767804919342,0.002669854522137365
505,1677886610.513007,4.2975084020452,-28.547059382000512,-0.13739630469061298,0.0061602179444868455,0.017574750363223757,0.002389411341835244
506,1677886610.963047,3.84971468741343,-28.464156055705686,-0.12504524022218363,0.006244667713016128,0.017674351536470567,0.0024483514708483743
507,1677886611.463131,3.358737809019439,-28.371632411785964,-0.1722586406503609,0.006345181857588145,0.018396143333461623,0.0027926017604840655
508,1677886611.91317,2.917267132037946,-28.33021150293258,-0.5086227257568158,0.009377642716938084,0.01921070576781858,0.0049193805052408215
509,1677886612.363217,2.47698217218597,-28.265185418619197,-0.8572459206092438,0.031074522722103204,0.02201128110641548,0.015310320448025175
510,1677886612.913269,2.0569364578937277,-28.076261667892595,-1.2719938833591065,0.058488633105224785,0.029414332201326943,0.02610003129513759
511,1677886613.613332,1.7919796400693304,-27.641413553651628,-1.5333098827972236,0.06840908845296756,0.031026923230911052,0.02261114925833244
512,1677886614.113393,1.6940993331515868,-27.219536309014675,-1.6949524038832013,1.3174300537891863,0.9603597225400335,0.017910907028188962
513,1677886614.663452,1.6764431463197877,-26.723714710064762,-1.6390634894095797,1.5692562631255287,0.7542623575999414,0.013326250685526364
514,1677886615.163506,1.6298617389666912,-26.248142347069667,-1.6452210196325523,0.9650518594052664,0.4287950861934178,0.01001103542095128
515,1677886615.663567,1.5462312128976674,-25.784737851100072,-1.6265388003396248,2.9688814773508465,1.5993758380359395,0.015300287366893591
516,1677886616.163605,1.5058928443140813,-25.319322138449067,-1.6205914765787435,0.10514238186736335,0.017660275205003018,0.007465054240346188
517,1677886616.613637,1.4563948278472088,-24.87224201250352,-1.684167094210814,0.059759949864622186,0.017228991417482575,0.006792655539644187
518,1677886617.113721,1.4466985476825467,-24.371820909521766,-1.753984652442315,0.042015338056089035,0.01032288996304942,0.005917304282729992
519,1677886617.613782,1.4668637718081898,-23.883242367066,-1.7748393261322657,0.0388467024029735,0.009995202940899617,0.005482868690060881
520,1677886618.063799,1.5084963476275808,-23.442046970262666,-1.7143609010311684,0.04285889218598493,0.009717364758330405,0.005573848161575852
521,1677886618.563829,1.5592455571521227,-22.96669881728888,-1.6925196518525762,0.043830921425712877,0.009429313464693223,0.005395094976143817
522,1677886619.063882,1.6197140792153955,-22.4926860591057,-1.7925003436695854,0.04273050015033597,0.00924292774055857,0.004853555258180503
523,1677886619.563943,1.665052286541921,-22.079727523114226,-2.0095967550407754,0.04302288806983556,0.009432759537901347,0.004917517619979845
524,1677886620.113995,1.814400295017586,-21.652601745563825,-2.2864054501086044,0.03775502747412185,0.010745810791149779,0.005398562126317179
525,1677886620.764067,2.0655298722973114,-21.227058862407844,-2.6451591231415534,0.03707283696344543,0.015385217786047178,0.00838661953125316
526,1677886621.414131,2.495881787816993,-20.871971109122725,-2.9281216420163,0.03416217210279271,0.01980853773528679,0.010744760669133617
527,1677886622.014219,2.9273468935040206,-20.64553733011889,-3.113274825199196,0.6118328674502465,0.8509675161549239,0.01504003846414677
528,1677886622.514257,3.3773722341571593,-20.55251927709789,-3.117161518373482,0.21976454879385976,0.2490652874960233,0.008329739609922079
529,1677886623.014326,3.840620162015036,-20.528765500471568,-3.108987189488426,0.12057562927364884,0.167948556554677,0.005504309316016552
530,1677886623.514418,4.31908061763308,-20.488643299596124,-3.127669884697715,0.016566084827470462,0.030437960880590254,0.004463875002036379
531,1677886624.014471,4.789138772257369,-20.483651409342748,3.0957531523396495,0.014161722497899376,0.030206099166207423,0.004040447504546129
532,1677886624.514501,5.253938942529679,-20.489266166399265,3.0039088874592967,0.011452820022331167,0.029096933135690506,0.003559183643423591
533,1677886625.014555,5.713220966003724,-20.510407557821832,3.0289432646380896,0.010601470314526296,0.02682039753483423,0.0035980774500968906
534,1677886625.514601,6.185104841199526,-20.529243087138227,2.9591101666301025,0.009871371963001252,0.0265334900251446,0.0036732436343049004
535,1677886626.014662,6.651248780371252,-20.54105749211479,3.0173852145690345,0.009401989365812824,0.02722239507818358,0.0038525217147741607
536,1677886626.514715,7.135581525992178,-20.55553461631369,3.0278395540062526,0.009215596884942556,0.027660302509445955,0.003832189170045953
537,1677886627.014753,7.6142656386679395,-20.591561934875408,3.1208037128999355,0.008912806087138847,0.03073736614663858,0.0039740461703863805
538,1677886627.464824,8.066631257318948,-20.629856683538748,-3.0513751755292464,0.00905322459755098,0.031396961965413084,0.004031662316020691
539,1677886627.964877,8.522681918452104,-20.68203999665755,-2.8601375576479406,0.009583428929374804,0.029406049556087055,0.004411863219145554
540,1677886628.46493,9.023309015800603,-20.687989303220448,-2.541487099601743,0.017729305053308053,0.02917613250076556,0.009489062545863495
541,1677886628.964976,9.421383603046296,-20.665912776900644,-2.2631094541878367,0.03198405473899868,0.029062298133112563,0.01753985580759722
542,1677886629.565049,9.866073067034296,-20.3977584002131,-1.990917917233295,0.03883969496739326,0.032585952035731225,0.017855973387826705
543,1677886630.065156,10.153391605865005,-20.082089974182125,-1.8414542746788127,0.044391705466438225,0.03211620029929918,0.014244530351684416
544,1677886630.565141,10.336077981794583,-19.655330002927492,-1.8188480969549292,0.04728352187639473,0.028536619274404984,0.010512386335592712
545,1677886631.065171,10.410274034380254,-19.19290092339475,-1.7468233515838347,0.04340171886222777,0.02390249582248316,0.008349104969040257
546,1677886631.565232,10.463258808123975,-18.763106096878765,-1.764802687611407,0.03942847585481957,0.02174309760852111,0.007175083204950245
547,1677886632.165298,10.53700185549518,-18.22301275175932,-1.7457898379672518,0.04019824682488604,0.02280180060256498,0.007755140838959195
548,1677886632.665336,10.591752125276003,-17.74167725338023,-1.727422807197213,0.038523688048684335,0.021359346500503307,0.007063407084761229
549,1677886633.115398,10.65400531900344,-17.299430441456046,-1.7656128339559916,0.037539379833205544,0.02225701089918175,0.006458116063376319
550,1677886633.565415,10.670297068052689,-16.867977441072025,-1.7220509492527074,0.044118023171066056,0.02236777762436759,0.007122032395900847
551,1677886634.065514,10.670204740410092,-16.36821767937515,-1.7224592282574298,0.04417725286120344,0.015971650598601173,0.006004418637710462
552,1677886634.465647,10.657867443199812,-15.97367578582346,-1.7030319058166032,0.040101273528534875,0.013079866913983551,0.0048062896303756745
553,1677886634.865604,10.670068958075992,-15.555729818864844,-1.703256125305628,0.03234625158364679,0.010918159849751419,0.003911030541055938
554,1677886635.265722,10.703912670338564,-15.143347504106769,-1.7363115843886356,0.027066793362237718,0.0089973189132877,0.0031139310269625523
555,1677886635.665702,10.741160207303553,-14.739890787766589,-1.7308856717657095,0.023547039589146834,0.00811003938565591,0.0026322068414232373
556,1677886636.065735,10.779233964979428,-14.329167042291495,-1.7116816763559317,0.022839358636915108,0.0068329896596708295,0.0023834079886708693
557,1677886636.4658,10.821830747108052,-13.925493799944903,-1.6751834487827209,0.02388904632984179,0.005800503311832017,0.0023410724794852233
558,1677886636.865833,10.828442330829642,-13.518596243554773,-1.674798880194884,0.021175766517671946,0.004909378607379722,0.002182641936781817
559,1677886637.315903,10.83995902040072,-13.077896864309347,-1.7275622531641566,0.02075721810879827,0.004492207474783072,0.002189200976014314
560,1677886637.765912,10.834315018113855,-12.620824565841986,-1.7316375505359247,0.01894339742803197,0.004719186082439819,0.002598299741749923
561,1677886638.165969,10.87629555183219,-12.226031010001236,-1.731787495116006,0.015948338285170394,0.00437681833270176,0.0023843323898575797
562,1677886638.566002,10.870594230547633,-11.802436756414503,-1.745169186354377,0.014542259133051516,0.0047525314446659195,0.0025878871755019594
563,1677886639.016065,10.899426942952058,-11.354725064298593,-1.7061402241027268,0.014379542525574607,0.004633997256235034,0.002751940480097661
564,1677886639.51611,10.92882617896082,-10.87948846893566,-1.7189274893530258,0.014413967419315554,0.004852720871909355,0.0031910719191716856
565,1677886640.016156,10.94275188618014,-10.401026359897346,-1.6962844658387635,0.015387383229679585,0.00525082077987804,0.0035810209683312133
566,1677886640.516217,10.959370296009602,-9.936047496834316,-1.6552928506339981,0.017427223130766833,0.005395738517279369,0.003782604708393818
567,1677886641.016271,10.992238526894424,-9.472731617408895,-1.6991136293029478,0.02020555608746122,0.005583058127427876,0.0036606189784405487
568,1677886641.516378,11.026751362876556,-9.02632278786635,-1.7064495551130143,0.021998489445962832,0.005429735199911079,0.0032397440588544514
569,1677886642.01637,11.054438003197093,-8.607442474956391,-1.720650118315052,0.021288920038571746,0.0052275790148286205,0.0030017182430091254
570,1677886642.566444,11.119614320297572,-8.164645546655112,-1.7288164549033544,0.019046266529869627,0.00511229183031503,0.002457212667966806
571,1677886643.266507,11.172074961557627,-7.740921127851768,-1.7902224374091789,0.019364309319186646,0.005092592478902702,0.0026789466324019517
572,1677886643.866519,11.257901113494569,-7.326486929975747,-1.859695553188373,0.020373962313115612,0.00484699472955441,0.0026046399594763015
573,1677886644.416602,11.36266756328177,-6.8912778422955245,-1.9565390864376802,0.021334074719590035,0.005281697740308289,0.0027477761840686266
574,1677886644.966661,11.485075236394083,-6.481519158095216,-1.9519939823808063,0.021012541758182124,0.005216239251538468,0.002705934561899965
575,1677886645.516706,11.65770311305722,-6.056501024671616,-1.913922519849664,0.01936306156872547,0.005020040146938243,0.002586276144436962
576,1677886646.116779,11.818597113242312,-5.6162713107344375,-1.838028151514952,0.019114478510488198,0.00504629226100306,0.0025616279718891676
577,1677886646.716867,11.952541616520971,-5.1614085467708035,-1.7034809765504313,0.01962028717485964,0.0056867745957376314,0.003176094039323997
578,1677886647.266919,12.066720203798981,-4.7359695937426345,-1.7111053763900381,0.02187420901537962,0.005942780448151552,0.0037003057890824934
579,1677886647.816994,12.158607016580278,-4.301384915032496,-1.7672455120797514,0.022562438615523206,0.005777936679681517,0.003465172963608069
580,1677886648.317055,12.231739407507545,-3.8969968184315817,-1.7722980159611397,0.022228066528697354,0.005447513526057435,0.003071273500139202
581,1677886648.867144,12.279811394743383,-3.45550913149116,-1.6812950780393385,0.021905170451532285,0.0053087771769479986,0.003123094537782942
582,1677886649.367175,12.314686498090545,-3.010962517338704,-1.675465221440134,0.022771820734902803,0.0050715559890104345,0.002950809122577513
583,1677886649.867274,12.34126618754409,-2.574732050855991,-1.815185600040057,0.0243959565557077,0.005787295835762762,0.003664025628268998
584,1677886650.367282,12.366389125529833,-2.135620427883664,-2.1525954915058874,0.027812736349176248,0.01161402080462004,0.007548564581447428
585,1677886650.867343,12.482904867951548,-1.6930302852385448,-2.5937747815219168,0.03361423769158023,0.032778452161892346,0.01952808639431899
586,1677886651.467393,12.78690116108059,-1.2892880889761265,-2.969028495682707,0.05180837777524516,0.05260367202178329,0.02858287052058725
587,1677886652.017438,13.226437318520123,-1.0355365067627311,3.05689765276084,0.0598196273795395,0.053707036681493125,0.026032173786048107
588,1677886652.517499,13.667005968779154,-0.9105914842853033,2.9647431809932447,0.05182062791718067,0.059740776338566115,0.019426572844580683
589,1677886653.01756,14.120232637889456,-0.8699127830111646,3.0372773537232907,0.046164642606697726,0.06339288600212178,0.015782020968114603
590,1677886653.467599,14.56712579564876,-0.8582855394536074,3.030084177882192,0.03802263207268197,0.05377850252686167,0.010445777279290035
591,1677886653.867648,15.013187886504804,-0.9025173697982992,3.030269559724972,0.030200748616721285,0.051332175061214014,0.007500940564088468
592,1677886654.267689,15.444389759152424,-0.9248026003115848,3.0003083169787375,0.024406378740962964,0.0459468442991281,0.005736795958288466
593,1677886654.667738,15.924602665188997,-0.9660511373966995,2.971473818711432,0.02007636220440645,0.0385419612065101,0.004421957801929034
594,1677886655.067786,16.358700651629828,-0.9756770834425375,2.9968484483804025,0.01854180950783757,0.03540901209525327,0.003957197589357934
595,1677886655.517834,16.834052253438585,-0.9832333145883045,3.0084972946633295,0.017051375862195073,0.03838368760334909,0.003912300363356607
596,1677886655.917822,17.215291204616424,-0.9941486209171684,3.009967561464999,0.016171366337459858,0.039542349265875076,0.003768514821916697
597,1677886656.317878,17.64078504690252,-1.0220838236986727,3.018209063575573,0.016291141056626657,0.04140417445525291,0.0034837331045535556
598,1677886656.76791,18.128081840529095,-1.0783727587082292,3.0092594017307497,0.01598952561414535,0.0410836342263603,0.003512266293977492
599,1677886657.167959,18.472774490251286,-1.0590793172113058,3.0584725074841765,0.01581142212512532,0.03808828984823531,0.003317689738058176
600,1677886657.568008,18.94592051527003,-1.0763385860850712,3.105985768915106,0.014879684754646405,0.03277752718712312,0.0027621171714623267
601,1677886657.968057,19.34749699767846,-1.1210696348269176,3.091834735710235,0.013730653152663308,0.02759390886195323,0.002294776441231444
602,1677886658.368105,19.77052591347969,-1.1704705797114774,3.047997385781266,0.01312172771696396,0.02375136554808388,0.0021657768313645596
603,1677886658.868182,20.28195085395108,-1.2269358647912143,2.9765919407514496,0.01208545803291372,0.02021057909530599,0.0022075275879079735
604,1677886659.368235,20.77302929105736,-1.3053160292718162,2.9825006443492814,0.011717769487177065,0.018414431192346647,0.0024099370516461873
605,1677886659.868273,21.26141992275217,-1.3964708643025419,2.994947075339362,0.01099910979382912,0.019037331205652874,0.0026806423776388876
606,1677886660.36838,21.73556805333028,-1.4622958911761836,3.032249817017997,0.01142650992903782,0.020730967216070262,0.0029455698712945407
607,1677886660.818389,22.180765332672745,-1.5154034269629557,3.0532431209896433,0.012188225456668533,0.021258300883170378,0.0029406606033804874
608,1677886661.318465,22.662995188829953,-1.5497646855508347,3.0945711441379173,0.011391766589667895,0.021610406985252073,0.0029141890409958653
609,1677886661.868517,23.11264735042144,-1.5320158015179615,2.9548141987342467,0.011725549952416259,0.02323430668856341,0.003590426871500695
610,1677886662.46856,23.52650434678129,-1.4514363937803223,2.787786139417046,0.03251749010712501,0.028432449640741986,0.0144778921489315
611,1677886663.468667,23.937404180883053,-1.529908498214402,-2.9170793624933156,0.03595149331567882,0.03597745723247758,0.019196859848054984
612,1677886664.268764,24.359878843372982,-1.393480283072419,-2.0817778940828373,0.035360522040264186,0.04244616068069673,0.01915196335403632
613,1677886664.918828,24.633420562315663,-0.9839377417101853,-1.5349260997108123,0.04005495064529896,0.05097437943480354,0.02140405801169198
614,1677886665.518894,24.730736286808245,-0.5674852971574252,-1.516382633777892,13.332909326152958,7.867241089261677,0.09951730141128365
615,1677886666.118967,24.71995107386312,-0.0804432795895068,-1.5664949711425564,7.014401151057314,4.650202506739905,0.062399967776795726
616,1677886666.71904,24.71128903106518,0.4757836040083131,-1.5394433425593832,2.959011408827223,1.667977106532214,0.031867231026909686
617,1677886667.269077,24.62282531675237,0.924148701454381,-1.671187874482328,0.9129059273769826,0.4997788025801947,0.018136626180411657
618,1677886667.869165,24.56201712356025,1.392708454687797,-1.7172751355813471,0.4739545560851184,0.5315032335554166,0.015400022842293838
619,1677886668.469185,24.494560707047853,1.87634521281261,-1.7243961451084224,0.0530175199870655,0.026979114131157722,0.010396009811006432
