stamp, x, y, theta
1.67789e+09,52.5893, -3.38651, 3.10877
 1.67789e+09,52.3196, -3.39201, 3.06545
 1.67789e+09,51.8176, -3.38054, 3.03032
 1.67789e+09,51.3732, -3.34394, 3.04951
 1.67789e+09,50.9143, -3.286, 3.04954
 1.67789e+09,50.445, -3.26993, 3.0561
 1.67789e+09,49.923, -3.25277, 3.05728
 1.67789e+09,49.3877, -3.23227, 3.04251
 1.67789e+09,48.8756, -3.20484, 3.0256
 1.67789e+09,48.4843, -3.19127, 3.05222
 1.67789e+09,48.0374, -3.18325, 3.08716
 1.67789e+09,47.6115, -3.15504, 3.06509
 1.67789e+09,47.1601, -3.11041, 3.03634
 1.67789e+09,46.6347, -3.05403, 2.9784
 1.67789e+09,46.112, -2.97442, 2.94382
 1.67789e+09,45.6162, -2.93101, 3.00679
 1.67789e+09,45.119, -2.89726, 3.03128
 1.67789e+09,44.5984, -2.86277, 2.99619
 1.67789e+09,44.1024, -2.83044, 2.99199
 1.67789e+09,43.6193, -2.79932, 3.0166
 1.67789e+09,43.1395, -2.77306, 2.98556
 1.67789e+09,42.6988, -2.72136, 2.95451
 1.67789e+09,42.2731, -2.64562, 2.9005
 1.67789e+09,41.8474, -2.44361, 2.7244
 1.67789e+09,41.3925, -2.04762, 2.38193
 1.67789e+09,41.055, -1.59083, 2.18915
 1.67789e+09,40.815, -1.11896, 2.0776
 1.67789e+09,40.6737, -0.681351, 1.93023
 1.67789e+09,40.5799, -0.192847, 1.81281
 1.67789e+09,40.5567, 0.278296, 1.68525
 1.67789e+09,40.561, 0.769168, 1.63698
 1.67789e+09,40.5839, 1.2629, 1.62556
 1.67789e+09,40.5716, 1.74835, 1.65664
 1.67789e+09,40.5667, 2.25021, 1.67582
 1.67789e+09,40.5356, 2.74105, 1.69509
 1.67789e+09,40.4952, 3.38203, 1.70629
 1.67789e+09,40.4576, 3.87564, 1.70331
 1.67789e+09,40.4428, 4.35585, 1.60734
 1.67789e+09,40.4528, 4.83118, 1.50653
 1.67789e+09,40.5064, 5.30044, 1.41459
 1.67789e+09,40.6044, 5.7746, 1.27692
 1.67789e+09,40.798, 6.22805, 1.06383
 1.67789e+09,41.0333, 6.64506, 0.93521
 1.67789e+09,41.4244, 7.10618, 0.812513
 1.67789e+09,41.8863, 7.45794, 0.638184
 1.67789e+09,42.315, 7.66465, 0.469653
 1.67789e+09,42.7613, 7.81673, 0.344778
 1.67789e+09,43.246, 7.90302, 0.245693
 1.67789e+09,43.7511, 7.95729, 0.240954
 1.67789e+09,44.2124, 7.99645, 0.242333
 1.67789e+09,44.7281, 8.02411, 0.200439
 1.67789e+09,45.1825, 8.04682, 0.19076
 1.67789e+09,45.664, 8.03246, 0.0937948
 1.67789e+09,46.2015, 8.01915, 0.0640801
 1.67789e+09,46.71, 7.99633, 0.0221641
 1.67789e+09,47.2273, 7.95704, 3.11321
 1.67789e+09,47.7312, 7.94881, 0.0124777
 1.67789e+09,48.2626, 7.89648, 3.09054
 1.67789e+09,48.7127, 7.8289, 3.03992
 1.67789e+09,49.2347, 7.76455, 2.97756
 1.67789e+09,49.7409, 7.73693, 2.99943
 1.67789e+09,50.2648, 7.72301, 3.01224
 1.67789e+09,50.7456, 7.68937, 2.98137
 1.67789e+09,51.2227, 7.65604, 2.9676
 1.67789e+09,51.6871, 7.58604, 2.89759
 1.67789e+09,52.117, 7.49124, 2.85808
 1.67789e+09,52.5464, 7.32803, 2.77128
 1.67789e+09,52.9907, 6.96945, 2.50373
 1.67789e+09,53.2969, 6.48648, 2.18622
 1.67789e+09,53.4521, 6.0345, 1.94461
 1.67789e+09,53.562, 5.61707, 1.91212
 1.67789e+09,53.648, 5.14904, 1.86163
 1.67789e+09,53.6777, 4.68781, 1.76752
 1.67789e+09,53.6757, 4.19075, 1.65495
 1.67789e+09,53.6312, 3.69567, 1.56512
 1.67789e+09,53.5733, 3.20392, 1.54827
 1.67789e+09,53.5277, 2.69694, 1.53235
 1.67789e+09,53.49, 2.20169, 1.52981
 1.67789e+09,53.4648, 1.71913, 1.58845
 1.67789e+09,53.4417, 1.23493, 1.58902
 1.67789e+09,53.4344, 0.764359, 1.57143
 1.67789e+09,53.3961, 0.279825, 1.52054
 1.67789e+09,53.3811, -0.187911, 1.50187
 1.67789e+09,53.3114, -0.659789, 1.37164
 1.67789e+09,53.2483, -1.10461, 1.3058
 1.67789e+09,53.1511, -1.54729, 1.1927
 1.67789e+09,52.9644, -1.99919, 1.09937
 1.67789e+09,52.6583, -2.42037, 0.908068
 1.67789e+09,52.1971, -2.78139, 0.681716
 1.67789e+09,51.7321, -3.00232, 0.491168
 1.67789e+09,51.294, -3.10436, 0.305022
 1.67789e+09,50.8501, -3.15821, 0.154839
 1.67789e+09,50.3882, -3.17027, 0.0718971
 1.67789e+09,49.9048, -3.15101, 0.00662836
 1.67789e+09,49.4106, -3.13817, 3.09728
 1.67789e+09,48.9446, -3.12034, 3.08129
 1.67789e+09,48.4196, -3.13293, 3.10115
 1.67789e+09,47.9608, -3.12749, 3.08282
 1.67789e+09,47.4259, -3.0924, 3.02716
 1.67789e+09,46.9083, -3.07826, 2.99667
 1.67789e+09,46.4401, -3.04247, 2.93553
 1.67789e+09,45.9193, -3.00827, 2.94694
 1.67789e+09,45.3948, -2.97679, 2.97984
 1.67789e+09,44.9324, -2.94595, 2.95772
 1.67789e+09,44.397, -2.94051, 3.00367
 1.67789e+09,43.8626, -2.95591, 3.13006
 1.67789e+09,43.34, -2.97387, 0.0432259
 1.67789e+09,42.809, -2.98138, 0.0665723
 1.67789e+09,42.2755, -2.97438, 0.00246878
 1.67789e+09,41.7606, -2.95797, 3.08632
 1.67789e+09,41.2758, -2.94884, 0.0284286
 1.67789e+09,40.7794, -2.95501, 0.0166794
 1.67789e+09,40.2662, -2.95633, 3.12772
 1.67789e+09,39.755, -2.9627, 0.00835468
 1.67789e+09,39.2251, -2.94065, 0.0101845
 1.67789e+09,38.7566, -2.91243, 3.13696
 1.67789e+09,38.2356, -2.86159, 3.05216
 1.67789e+09,37.7633, -2.80428, 3.0505
 1.67789e+09,37.2424, -2.78086, 3.08277
 1.67789e+09,36.7032, -2.76812, 3.071
 1.67789e+09,36.2369, -2.75686, 3.07815
 1.67789e+09,35.7181, -2.7415, 3.04446
 1.67789e+09,35.2586, -2.71109, 3.03199
 1.67789e+09,34.745, -2.66981, 3.02534
 1.67789e+09,34.2446, -2.63797, 3.03534
 1.67789e+09,33.7582, -2.59543, 3.05673
 1.67789e+09,33.2759, -2.60133, 3.10442
 1.67789e+09,32.7762, -2.56241, 3.05085
 1.67789e+09,32.2782, -2.52995, 3.07841
 1.67789e+09,31.7634, -2.49903, 3.05591
 1.67789e+09,31.2349, -2.45094, 3.07276
 1.67789e+09,30.7227, -2.42508, 3.09019
 1.67789e+09,30.2563, -2.39707, 3.08767
 1.67789e+09,29.7493, -2.36234, 3.0388
 1.67789e+09,29.2489, -2.3336, 3.0586
 1.67789e+09,28.7484, -2.29376, 3.07714
 1.67789e+09,28.2529, -2.26459, 3.07127
 1.67789e+09,27.7542, -2.20571, 3.03509
 1.67789e+09,27.272, -2.14366, 3.04708
 1.67789e+09,26.7719, -2.11146, 3.07901
 1.67789e+09,26.2806, -2.04312, 3.05814
 1.67789e+09,25.7898, -1.9764, 3.03554
 1.67789e+09,25.2763, -1.90508, 3.04099
 1.67789e+09,24.7783, -1.84485, 3.09056
 1.67789e+09,24.2667, -1.78698, 3.07407
 1.67789e+09,23.7514, -1.72331, 3.00344
 1.67789e+09,23.255, -1.66017, 3.00139
 1.67789e+09,22.7476, -1.60903, 2.9874
 1.67789e+09,22.2538, -1.56711, 3.01052
 1.67789e+09,21.7562, -1.53675, 3.03642
 1.67789e+09,21.2572, -1.51904, 3.06131
 1.67789e+09,20.7568, -1.50338, 3.08245
 1.67789e+09,20.2401, -1.4708, 3.08543
 1.67789e+09,19.7391, -1.43666, 3.09504
 1.67789e+09,19.2312, -1.38005, 3.08262
 1.67789e+09,18.7319, -1.31763, 3.05096
 1.67789e+09,18.2994, -1.2444, 3.04398
 1.67789e+09,17.7763, -1.17892, 3.05358
 1.67789e+09,17.2727, -1.13791, 3.1024
 1.67789e+09,16.7476, -1.07338, 3.08696
 1.67789e+09,16.2373, -1.03711, 3.11193
 1.67789e+09,15.7289, -0.99889, 3.08314
 1.67789e+09,15.2084, -0.970758, 3.0523
 1.67789e+09,14.7133, -0.947774, 3.0609
 1.67789e+09,14.1969, -0.913162, 3.04167
 1.67789e+09,13.7184, -0.84348, 3.02432
 1.67789e+09,13.2716, -0.724637, 2.97719
 1.67789e+09,12.8227, -0.565772, 2.96608
 1.67789e+09,12.3687, -0.43517, 2.9761
 1.67789e+09,11.8905, -0.320062, 3.00265
 1.67789e+09,11.4105, -0.233603, 3.01292
 1.67789e+09,10.8925, -0.153789, 2.98993
 1.67789e+09,10.3764, -0.126607, 3.04102
 1.67789e+09,9.85272, -0.116033, 3.07843
 1.67789e+09,9.38323, -0.117024, 0.0204575
 1.67789e+09,8.84262, -0.120462, 0.0345148
 1.67789e+09,8.36894, -0.12763, 0.0233537
 1.67789e+09,7.90953, -0.127092, 0.00171021
 1.67789e+09,7.44432, -0.139517, 3.13359
 1.67789e+09,6.9212, -0.147785, 3.11714
 1.67789e+09,6.39804, -0.164564, 3.12883
 1.67789e+09,5.9316, -0.152185, 3.1167
 1.67789e+09,5.39938, -0.13613, 3.13776
 1.67789e+09,4.87851, -0.152098, 0.028803
 1.67789e+09,4.34546, -0.165093, 0.0657817
 1.67789e+09,3.82245, -0.177826, 0.0198903
 1.67789e+09,3.34444, -0.175037, 3.11139
 1.67789e+09,2.8292, -0.192121, 3.12972
 1.67789e+09,2.31487, -0.184918, 3.11998
 1.67789e+09,1.79286, -0.191186, 3.12935
 1.67789e+09,1.2861, -0.196959, 3.10686
 1.67789e+09,0.883325, -0.185837, 3.09805
 1.67789e+09,0.413129, -0.152057, 3.07324
 1.67789e+09,-0.16251, -0.103324, 3.05167
 1.67789e+09,-0.673145, -0.0466599, 3.03861
 1.67789e+09,-1.17984, 0.000833099, 3.01589
 1.67789e+09,-1.66591, 0.0597975, 2.98797
 1.67789e+09,-2.1385, 0.146954, 2.95299
 1.67789e+09,-2.58641, 0.26736, 2.92246
 1.67789e+09,-3.05019, 0.51335, 2.76433
 1.67789e+09,-3.523, 0.906904, 2.49179
 1.67789e+09,-3.81242, 1.39036, 2.19661
 1.67789e+09,-3.94414, 1.8222, 2.01473
 1.67789e+09,-4.02616, 2.30847, 1.87024
 1.67789e+09,-4.06394, 2.80152, 1.74937
 1.67789e+09,-4.0898, 3.3178, 1.69259
 1.67789e+09,-4.07337, 3.85149, 1.64264
 1.67789e+09,-4.04805, 4.3556, 1.60431
 1.67789e+09,-3.99966, 4.8765, 1.55152
 1.67789e+09,-3.92784, 5.41341, 1.50497
 1.67789e+09,-3.89224, 5.88916, 1.51643
 1.67789e+09,-3.85664, 6.41971, 1.51722
 1.67789e+09,-3.84857, 6.93937, 1.54498
 1.67789e+09,-3.83701, 7.46273, 1.55364
 1.67789e+09,-3.8217, 7.97443, 1.54165
 1.67789e+09,-3.82076, 8.4642, 1.55023
 1.67789e+09,-3.76541, 8.95376, 1.45293
 1.67789e+09,-3.66964, 9.40719, 1.31293
 1.67789e+09,-3.43101, 9.87198, 1.12601
 1.67789e+09,-3.0221, 10.3254, 0.860642
 1.67789e+09,-2.58687, 10.6298, 0.682764
 1.67789e+09,-2.1758, 10.8362, 0.548639
 1.67789e+09,-1.73007, 10.9591, 0.395828
 1.67789e+09,-1.25296, 11.042, 0.242814
 1.67789e+09,-0.765327, 11.1219, 0.190189
 1.67789e+09,-0.271833, 11.1235, 0.150199
 1.67789e+09,0.21947, 11.1072, 0.086569
 1.67789e+09,0.717028, 11.0847, 0.0765171
 1.67789e+09,1.23291, 11.0635, 0.107691
 1.67789e+09,1.73221, 11.0404, 0.106846
 1.67789e+09,2.2282, 11.0157, 0.127147
 1.67789e+09,2.7242, 11.014, 0.107717
 1.67789e+09,3.25055, 10.9846, 0.0297135
 1.67789e+09,3.76788, 10.932, 3.13324
 1.67789e+09,4.25518, 10.8821, 3.11395
 1.67789e+09,4.74954, 10.8523, 3.09397
 1.67789e+09,5.22965, 10.817, 3.06496
 1.67789e+09,5.69005, 10.7632, 3.04299
 1.67789e+09,6.1463, 10.7172, 3.01448
 1.67789e+09,6.58162, 10.6924, 3.02189
 1.67789e+09,7.00001, 10.6339, 3.00907
 1.67789e+09,7.4579, 10.4565, 2.80069
 1.67789e+09,7.88951, 10.0486, 2.45814
 1.67789e+09,8.15837, 9.56081, 2.18532
 1.67789e+09,8.27631, 9.10886, 1.96276
 1.67789e+09,8.30537, 8.6192, 1.76431
 1.67789e+09,8.27247, 8.17781, 1.64851
 1.67789e+09,8.26728, 7.62177, 1.6986
 1.67789e+09,8.25563, 7.18647, 1.71845
 1.67789e+09,8.29339, 6.75101, 1.82392
 1.67789e+09,8.42433, 6.33184, 2.09272
 1.67789e+09,8.76606, 5.94764, 2.68398
 1.67789e+09,9.16667, 5.74987, 2.9788
 1.67789e+09,9.61115, 5.52797, 3.08798
 1.67789e+09,10.0328, 5.39019, 0.00233169
 1.67789e+09,10.4681, 5.37161, 0.0675473
 1.67789e+09,10.9405, 5.37588, 0.0354068
 1.67789e+09,11.4221, 5.38399, 0.0243829
 1.67789e+09,11.9366, 5.3962, 0.00481419
 1.67789e+09,12.4323, 5.41204, 0.00671887
 1.67789e+09,12.9384, 5.44327, 0.0201869
 1.67789e+09,13.4116, 5.46938, 0.0346956
 1.67789e+09,13.885, 5.47597, 0.0541047
 1.67789e+09,14.3709, 5.46486, 0.0607566
 1.67789e+09,14.8575, 5.43649, 0.0250575
 1.67789e+09,15.3718, 5.39823, 0.0128166
 1.67789e+09,15.8741, 5.34916, 3.12545
 1.67789e+09,16.3795, 5.30865, 3.13396
 1.67789e+09,16.8698, 5.27462, 3.12048
 1.67789e+09,17.3234, 5.25146, 3.10413
 1.67789e+09,17.8148, 5.23125, 3.10861
 1.67789e+09,18.3299, 5.19494, 3.09996
 1.67789e+09,18.843, 5.1568, 3.09815
 1.67789e+09,19.3484, 5.11553, 3.10547
 1.67789e+09,19.8561, 5.07237, 3.1172
 1.67789e+09,20.3429, 5.05894, 3.13781
 1.67789e+09,20.8244, 5.00992, 3.05233
 1.67789e+09,21.3043, 4.96039, 2.99915
 1.67789e+09,21.7654, 4.88778, 2.97798
 1.67789e+09,22.2053, 4.78181, 2.9306
 1.67789e+09,22.6413, 4.57499, 2.71004
 1.67789e+09,23.0793, 4.19118, 2.46733
 1.67789e+09,23.4097, 3.7633, 2.25555
 1.67789e+09,23.5984, 3.34854, 2.0871
 1.67789e+09,23.7285, 2.90772, 1.8744
 1.67789e+09,23.809, 2.44757, 1.75545
 1.67789e+09,23.8496, 1.97779, 1.72091
 1.67789e+09,23.851, 1.51434, 1.66509
 1.67789e+09,23.8067, 1.03024, 1.6279
 1.67789e+09,23.7491, 0.569937, 1.578
 1.67789e+09,23.6442, 0.138958, 1.43964
 1.67789e+09,23.4562, -0.353916, 1.32637
 1.67789e+09,23.107, -0.804584, 0.999306
 1.67789e+09,22.631, -1.11224, 0.600891
 1.67789e+09,22.1762, -1.24239, 0.358452
 1.67789e+09,21.7487, -1.27107, 0.231274
 1.67789e+09,21.3282, -1.28241, 0.151752
 1.67789e+09,20.8772, -1.29716, 0.0917311
 1.67789e+09,20.408, -1.27608, 0.0287994
 1.67789e+09,19.9458, -1.23061, 3.12676
 1.67789e+09,19.455, -1.16597, 3.07812
 1.67789e+09,18.9736, -1.11056, 3.08597
 1.67789e+09,18.4801, -1.0597, 3.07993
 1.67789e+09,17.9829, -0.998484, 2.97649
 1.67789e+09,17.5025, -0.986674, 2.98804
 1.67789e+09,17.015, -0.966316, 2.98709
 1.67789e+09,16.5434, -0.941978, 3.01117
 1.67789e+09,16.0602, -0.906504, 3.02446
 1.67789e+09,15.5655, -0.883506, 3.01957
 1.67789e+09,15.1076, -0.853883, 3.04872
 1.67789e+09,14.6434, -0.847066, 0.00343769
 1.67789e+09,14.2072, -0.883536, 0.113697
 1.67789e+09,13.7261, -1.04032, 0.399096
 1.67789e+09,13.2617, -1.33873, 0.870377
 1.67789e+09,12.8511, -1.76124, 1.3387
 1.67789e+09,12.6645, -2.21658, 1.38615
 1.67789e+09,12.571, -2.65949, 1.45633
 1.67789e+09,12.4964, -3.14285, 1.39747
 1.67789e+09,12.4365, -3.66268, 1.34803
 1.67789e+09,12.3642, -4.14073, 1.34072
 1.67789e+09,12.2736, -4.59543, 1.29502
 1.67789e+09,12.1427, -5.02353, 1.2473
 1.67789e+09,12.0385, -5.42548, 1.27321
 1.67789e+09,11.8795, -5.82031, 1.2325
 1.67789e+09,11.6772, -6.29583, 1.21546
 1.67789e+09,11.5113, -6.73132, 1.25795
 1.67789e+09,11.3809, -7.21361, 1.32504
 1.67789e+09,11.307, -7.61613, 1.36178
 1.67789e+09,11.2527, -8.03098, 1.38138
 1.67789e+09,11.2365, -8.44898, 1.45716
 1.67789e+09,11.2226, -8.88672, 1.4795
 1.67789e+09,11.1903, -9.37273, 1.50328
 1.67789e+09,11.1681, -9.8636, 1.52469
 1.67789e+09,11.1255, -10.3756, 1.51467
 1.67789e+09,11.0762, -10.8791, 1.52204
 1.67789e+09,11.0183, -11.3944, 1.51133
 1.67789e+09,10.9637, -11.8967, 1.51484
 1.67789e+09,10.9372, -12.3641, 1.5453
 1.67789e+09,10.8821, -12.8481, 1.51853
 1.67789e+09,10.8415, -13.3403, 1.50816
 1.67789e+09,10.8082, -13.8033, 1.50501
 1.67789e+09,10.7875, -14.2831, 1.56293
 1.67789e+09,10.7833, -14.7389, 1.57794
 1.67789e+09,10.7511, -15.1963, 1.53005
 1.67789e+09,10.7009, -15.6401, 1.48964
 1.67789e+09,10.6764, -16.1001, 1.50351
 1.67789e+09,10.6533, -16.5548, 1.51305
 1.67789e+09,10.6099, -16.997, 1.4809
 1.67789e+09,10.5567, -17.4538, 1.46526
 1.67789e+09,10.517, -17.8928, 1.48547
 1.67789e+09,10.4992, -18.3194, 1.55801
 1.67789e+09,10.4693, -18.7563, 1.59141
 1.67789e+09,10.4198, -19.203, 1.51732
 1.67789e+09,10.3716, -19.6234, 1.4766
 1.67789e+09,10.3289, -20.0763, 1.47771
 1.67789e+09,10.3707, -20.5003, 1.61164
 1.67789e+09,10.6967, -20.9226, 2.07509
 1.67789e+09,11.0966, -21.1205, 2.44666
 1.67789e+09,11.5314, -21.2221, 2.74675
 1.67789e+09,12.0528, -21.2941, 2.90545
 1.67789e+09,12.5748, -21.3525, 3.03916
 1.67789e+09,13.1023, -21.3866, 3.08924
 1.67789e+09,13.5628, -21.4444, 3.0913
 1.67789e+09,13.9938, -21.4859, 3.12333
 1.67789e+09,14.5082, -21.4977, 3.13272
 1.67789e+09,15.0363, -21.5141, 3.05996
 1.67789e+09,15.554, -21.5227, 3.07314
 1.67789e+09,16.0552, -21.5226, 3.11895
 1.67789e+09,16.5728, -21.5351, 3.04326
 1.67789e+09,17.0325, -21.5459, 3.01288
 1.67789e+09,17.5037, -21.5884, 2.96899
 1.67789e+09,17.9622, -21.6321, 3.00124
 1.67789e+09,18.4229, -21.6874, 3.01002
 1.67789e+09,18.8819, -21.7444, 3.01878
 1.67789e+09,19.3185, -21.7847, 3.05024
 1.67789e+09,19.7306, -21.8224, 3.03082
 1.67789e+09,20.1886, -21.8572, 3.01581
 1.67789e+09,20.6095, -21.9132, 2.94912
 1.67789e+09,20.1898, -21.9056, 2.98051
 1.67789e+09,19.7618, -21.8519, 2.9863
 1.67789e+09,19.3523, -21.8282, 3.00312
 1.67789e+09,18.8602, -21.7953, 3.0021
 1.67789e+09,18.3727, -21.7542, 2.9635
 1.67789e+09,17.9539, -21.7263, 2.94983
 1.67789e+09,17.4903, -21.6917, 2.97451
 1.67789e+09,17.0782, -21.6479, 2.95458
 1.67789e+09,16.5748, -21.5723, 2.93102
 1.67789e+09,16.1292, -21.5109, 2.92893
 1.67789e+09,15.6644, -21.4136, 2.96165
 1.67789e+09,15.1916, -21.3044, 2.99083
 1.67789e+09,14.7587, -21.3005, 3.03253
 1.67789e+09,14.3546, -21.2593, 3.00448
 1.67789e+09,13.9402, -21.2696, 3.02876
 1.67789e+09,13.5303, -21.2674, 3.02408
 1.67789e+09,13.1254, -21.2684, 2.93088
 1.67789e+09,12.7007, -21.2296, 2.94645
 1.67789e+09,12.2708, -21.1892, 2.95817
 1.67789e+09,11.8493, -21.1636, 2.9447
 1.67789e+09,11.427, -21.1205, 2.81642
 1.67789e+09,11.0241, -21.1069, 2.52869
 1.67789e+09,10.6092, -21.0813, 2.14736
 1.67789e+09,10.1739, -21.0707, 1.69529
 1.67789e+09,9.89928, -21.0803, 1.32381
 1.67789e+09,9.57482, -21.152, 1.00676
 1.67789e+09,9.26875, -21.1597, 0.656126
 1.67789e+09,8.93517, -21.096, 0.327533
 1.67789e+09,8.58834, -20.9375, 0.0110995
 1.67789e+09,8.05138, -20.7574, 3.03566
 1.67789e+09,7.46555, -20.5877, 2.98605
 1.67789e+09,6.94639, -20.4575, 2.94582
 1.67789e+09,6.42978, -20.3811, 2.95691
 1.67789e+09,5.88004, -20.3248, 3.02017
 1.67789e+09,5.31822, -20.273, 3.02331
 1.67789e+09,4.77256, -20.2222, 3.09161
 1.67789e+09,4.21419, -20.2015, 0.0709594
 1.67789e+09,3.71884, -20.2444, 0.214794
 1.67789e+09,3.15108, -20.3259, 0.376169
 1.67789e+09,2.61095, -20.5235, 0.579249
 1.67789e+09,2.13484, -20.8563, 0.890175
 1.67789e+09,1.77857, -21.293, 1.18849
 1.67789e+09,1.59672, -21.7388, 1.29677
 1.67789e+09,1.51538, -22.1857, 1.36415
 1.67789e+09,1.45324, -22.7137, 1.38833
 1.67789e+09,1.43279, -23.131, 1.40902
 1.67789e+09,1.42721, -23.5527, 1.42913
 1.67789e+09,1.40563, -24.1096, 1.48083
 1.67789e+09,1.37771, -24.5548, 1.46941
 1.67789e+09,1.36156, -25.0434, 1.46694
 1.67789e+09,1.31923, -25.5138, 1.42043
 1.67789e+09,1.30172, -25.9992, 1.4231
 1.67789e+09,1.36586, -26.4306, 1.54909
 1.67789e+09,1.47417, -26.8869, 1.80799
 1.67789e+09,1.59109, -27.3542, 2.17013
 1.67789e+09,1.80365, -27.7763, 2.51105
 1.67789e+09,2.26625, -28.1555, 2.74849
 1.67789e+09,2.68759, -28.3442, 2.87792
 1.67789e+09,3.12064, -28.5117, 2.88797
 1.67789e+09,3.66414, -28.6584, 2.97971
 1.67789e+09,4.18659, -28.7511, 3.00998
 1.67789e+09,4.64708, -28.7479, 3.06004
 1.67789e+09,5.05487, -28.7321, 3.13515
 1.67789e+09,5.54162, -28.7474, 3.12923
 1.67789e+09,6.04556, -28.7746, 3.12486
 1.67789e+09,6.46226, -28.789, 3.10256
 1.67789e+09,6.92875, -28.8034, 3.06992
 1.67789e+09,7.44737, -28.8239, 3.06272
 1.67789e+09,7.84895, -28.8466, 3.06959
 1.67789e+09,8.35518, -28.8623, 3.06467
 1.67789e+09,8.7613, -28.9095, 3.0376
 1.67789e+09,9.22151, -28.9471, 3.0443
 1.67789e+09,9.61973, -28.9847, 3.03457
 1.67789e+09,10.0214, -29.0306, 3.02574
 1.67789e+09,10.525, -29.0859, 3.02298
 1.67789e+09,10.9807, -29.1321, 3.03729
 1.67789e+09,11.5055, -29.1876, 3.02912
 1.67789e+09,12.0198, -29.2388, 3.02691
 1.67789e+09,12.4863, -29.2814, 3.03476
 1.67789e+09,12.8987, -29.3193, 3.00924
 1.67789e+09,13.411, -29.3496, 2.98793
 1.67789e+09,13.8723, -29.3735, 3.00786
 1.67789e+09,14.3719, -29.3973, 3.04344
 1.67789e+09,14.8307, -29.4305, 3.03859
 1.67789e+09,15.3183, -29.4693, 3.03685
 1.67789e+09,15.7944, -29.5251, 3.04188
 1.67789e+09,16.2761, -29.581, 3.03414
 1.67789e+09,16.7588, -29.6268, 3.03557
 1.67789e+09,17.2453, -29.6688, 2.99976
 1.67789e+09,17.7102, -29.7223, 2.97545
 1.67789e+09,18.1277, -29.7727, 2.97591
 1.67789e+09,18.5759, -29.8256, 2.97159
 1.67789e+09,18.9903, -29.8775, 2.97236
 1.67789e+09,18.9735, -29.8864, 2.99238
 1.67789e+09,18.5212, -29.8733, 2.94653
 1.67789e+09,18.1096, -29.8337, 2.97626
 1.67789e+09,17.6643, -29.8042, 2.96758
 1.67789e+09,17.174, -29.7688, 2.95576
 1.67789e+09,16.75, -29.7391, 2.92943
 1.67789e+09,16.3399, -29.7037, 2.93017
 1.67789e+09,15.9307, -29.6662, 2.96145
 1.67789e+09,15.4994, -29.6134, 2.97996
 1.67789e+09,15.0888, -29.551, 3.00144
 1.67789e+09,14.6684, -29.5079, 3.01787
 1.67789e+09,14.218, -29.4733, 3.05119
 1.67789e+09,13.7652, -29.4144, 3.07658
 1.67789e+09,13.3342, -29.3684, 3.05554
 1.67789e+09,12.8927, -29.3177, 3.01632
 1.67789e+09,12.4661, -29.288, 2.99727
 1.67789e+09,12.0243, -29.2631, 3.01512
 1.67789e+09,11.6024, -29.2498, 3.0129
 1.67789e+09,11.1978, -29.1985, 2.99197
 1.67789e+09,10.7829, -29.1814, 3.0147
 1.67789e+09,10.3546, -29.1787, 3.0472
 1.67789e+09,9.91265, -29.1608, 3.08226
 1.67789e+09,9.46752, -29.1319, 3.04924
 1.67789e+09,9.01998, -29.093, 2.97578
 1.67789e+09,8.57483, -29.0555, 2.97335
 1.67789e+09,8.15921, -28.9812, 2.97412
 1.67789e+09,7.74037, -28.9367, 3.00641
 1.67789e+09,7.3072, -28.9057, 3.0347
 1.67789e+09,6.896, -28.8828, 3.05579
 1.67789e+09,6.4807, -28.8455, 3.04847
 1.67789e+09,6.05529, -28.833, 2.99195
 1.67789e+09,5.61076, -28.7841, 2.96764
 1.67789e+09,5.15892, -28.7149, 2.93479
 1.67789e+09,4.70689, -28.6261, 2.92201
 1.67789e+09,4.29751, -28.5471, 3.0042
 1.67789e+09,3.84971, -28.4642, 3.01655
 1.67789e+09,3.35874, -28.3716, 2.96933
 1.67789e+09,2.91727, -28.3302, 2.63297
 1.67789e+09,2.47698, -28.2652, 2.28435
 1.67789e+09,2.05694, -28.0763, 1.8696
 1.67789e+09,1.79198, -27.6414, 1.60828
 1.67789e+09,1.6941, -27.2195, 1.44664
 1.67789e+09,1.67644, -26.7237, 1.50253
 1.67789e+09,1.62986, -26.2481, 1.49637
 1.67789e+09,1.54623, -25.7847, 1.51505
 1.67789e+09,1.50589, -25.3193, 1.521
 1.67789e+09,1.45639, -24.8722, 1.45743
 1.67789e+09,1.4467, -24.3718, 1.38761
 1.67789e+09,1.46686, -23.8832, 1.36675
 1.67789e+09,1.5085, -23.442, 1.42723
 1.67789e+09,1.55925, -22.9667, 1.44907
 1.67789e+09,1.61971, -22.4927, 1.34909
 1.67789e+09,1.66505, -22.0797, 1.132
 1.67789e+09,1.8144, -21.6526, 0.855187
 1.67789e+09,2.06553, -21.2271, 0.496434
 1.67789e+09,2.49588, -20.872, 0.213471
 1.67789e+09,2.92735, -20.6455, 0.0283178
 1.67789e+09,3.37737, -20.5525, 0.0244311
 1.67789e+09,3.84062, -20.5288, 0.0326055
 1.67789e+09,4.31908, -20.4886, 0.0139228
 1.67789e+09,4.78914, -20.4837, 3.09575
 1.67789e+09,5.25394, -20.4893, 3.00391
 1.67789e+09,5.71322, -20.5104, 3.02894
 1.67789e+09,6.1851, -20.5292, 2.95911
 1.67789e+09,6.65125, -20.5411, 3.01739
 1.67789e+09,7.13558, -20.5555, 3.02784
 1.67789e+09,7.61427, -20.5916, 3.1208
 1.67789e+09,8.06663, -20.6299, 0.0902175
 1.67789e+09,8.52268, -20.682, 0.281455
 1.67789e+09,9.02331, -20.688, 0.600106
 1.67789e+09,9.42138, -20.6659, 0.878483
 1.67789e+09,9.86607, -20.3978, 1.15067
 1.67789e+09,10.1534, -20.0821, 1.30014
 1.67789e+09,10.3361, -19.6553, 1.32274
 1.67789e+09,10.4103, -19.1929, 1.39477
 1.67789e+09,10.4633, -18.7631, 1.37679
 1.67789e+09,10.537, -18.223, 1.3958
 1.67789e+09,10.5918, -17.7417, 1.41417
 1.67789e+09,10.654, -17.2994, 1.37598
 1.67789e+09,10.6703, -16.868, 1.41954
 1.67789e+09,10.6702, -16.3682, 1.41913
 1.67789e+09,10.6579, -15.9737, 1.43856
 1.67789e+09,10.6701, -15.5557, 1.43834
 1.67789e+09,10.7039, -15.1433, 1.40528
 1.67789e+09,10.7412, -14.7399, 1.41071
 1.67789e+09,10.7792, -14.3292, 1.42991
 1.67789e+09,10.8218, -13.9255, 1.46641
 1.67789e+09,10.8284, -13.5186, 1.46679
 1.67789e+09,10.84, -13.0779, 1.41403
 1.67789e+09,10.8343, -12.6208, 1.40996
 1.67789e+09,10.8763, -12.226, 1.40981
 1.67789e+09,10.8706, -11.8024, 1.39642
 1.67789e+09,10.8994, -11.3547, 1.43545
 1.67789e+09,10.9288, -10.8795, 1.42267
 1.67789e+09,10.9428, -10.401, 1.44531
 1.67789e+09,10.9594, -9.93605, 1.4863
 1.67789e+09,10.9922, -9.47273, 1.44248
 1.67789e+09,11.0268, -9.02632, 1.43514
 1.67789e+09,11.0544, -8.60744, 1.42094
 1.67789e+09,11.1196, -8.16465, 1.41278
 1.67789e+09,11.1721, -7.74092, 1.35137
 1.67789e+09,11.2579, -7.32649, 1.2819
 1.67789e+09,11.3627, -6.89128, 1.18505
 1.67789e+09,11.4851, -6.48152, 1.1896
 1.67789e+09,11.6577, -6.0565, 1.22767
 1.67789e+09,11.8186, -5.61627, 1.30356
 1.67789e+09,11.9525, -5.16141, 1.43811
 1.67789e+09,12.0667, -4.73597, 1.43049
 1.67789e+09,12.1586, -4.30138, 1.37435
 1.67789e+09,12.2317, -3.897, 1.36929
 1.67789e+09,12.2798, -3.45551, 1.4603
 1.67789e+09,12.3147, -3.01096, 1.46613
 1.67789e+09,12.3413, -2.57473, 1.32641
 1.67789e+09,12.3664, -2.13562, 0.988997
 1.67789e+09,12.4829, -1.69303, 0.547818
 1.67789e+09,12.7869, -1.28929, 0.172564
 1.67789e+09,13.2264, -1.03554, 3.0569
 1.67789e+09,13.667, -0.910591, 2.96474
 1.67789e+09,14.1202, -0.869913, 3.03728
 1.67789e+09,14.5671, -0.858286, 3.03008
 1.67789e+09,15.0132, -0.902517, 3.03027
 1.67789e+09,15.4444, -0.924803, 3.00031
 1.67789e+09,15.9246, -0.966051, 2.97147
 1.67789e+09,16.3587, -0.975677, 2.99685
 1.67789e+09,16.8341, -0.983233, 3.0085
 1.67789e+09,17.2153, -0.994149, 3.00997
 1.67789e+09,17.6408, -1.02208, 3.01821
 1.67789e+09,18.1281, -1.07837, 3.00926
 1.67789e+09,18.4728, -1.05908, 3.05847
 1.67789e+09,18.9459, -1.07634, 3.10599
 1.67789e+09,19.3475, -1.12107, 3.09183
 1.67789e+09,19.7705, -1.17047, 3.048
 1.67789e+09,20.282, -1.22694, 2.97659
 1.67789e+09,20.773, -1.30532, 2.9825
 1.67789e+09,21.2614, -1.39647, 2.99495
 1.67789e+09,21.7356, -1.4623, 3.03225
 1.67789e+09,22.1808, -1.5154, 3.05324
 1.67789e+09,22.663, -1.54976, 3.09457
 1.67789e+09,23.1126, -1.53202, 2.95481
 1.67789e+09,23.5265, -1.45144, 2.78779
 1.67789e+09,23.9374, -1.52991, 0.224513
 1.67789e+09,24.3599, -1.39348, 1.05981
 1.67789e+09,24.6334, -0.983938, 1.60667
 1.67789e+09,24.7307, -0.567485, 1.62521
 1.67789e+09,24.72, -0.0804433, 1.5751
 1.67789e+09,24.7113, 0.475784, 1.60215
 1.67789e+09,24.6228, 0.924149, 1.4704
 1.67789e+09,24.562, 1.39271, 1.42432
 1.67789e+09,24.4946, 1.87635, 1.4172
 1.67789e+09,24.4684, 2.36413, 1.46791
 